Datetime,Open,High,Low,Close,Volume,Dividends,Stock Splits,Capital Gains
2025-12-09 09:30:00-05:00,624.280029296875,624.280029296875,621.6199951171875,623.3099975585938,3967421,0.0,0.0,0.0
2025-12-09 10:00:00-05:00,623.3499755859375,624.280029296875,623.0,623.969970703125,5167649,0.0,0.0,0.0
2025-12-09 10:30:00-05:00,624.0,624.6699829101562,623.47998046875,624.64501953125,1463330,0.0,0.0,0.0
2025-12-09 11:00:00-05:00,624.6300048828125,625.260009765625,624.52001953125,624.77001953125,6081424,0.0,0.0,0.0
2025-12-09 11:30:00-05:00,624.7999877929688,625.385009765625,624.27001953125,625.22998046875,7200022,0.0,0.0,0.0
2025-12-09 12:00:00-05:00,625.22998046875,625.8099975585938,624.780029296875,625.2150268554688,1253326,0.0,0.0,0.0
2025-12-09 12:30:00-05:00,625.2150268554688,625.469970703125,624.780029296875,625.4400024414062,1133599,0.0,0.0,0.0
2025-12-09 13:00:00-05:00,625.4400024414062,625.780029296875,625.1199951171875,625.6500244140625,927632,0.0,0.0,0.0
2025-12-09 13:30:00-05:00,625.6400146484375,625.8699951171875,624.8098754882812,625.5399780273438,1225905,0.0,0.0,0.0
2025-12-09 14:00:00-05:00,625.5399780273438,625.5999755859375,624.969970703125,625.280029296875,967573,0.0,0.0,0.0
2025-12-09 14:30:00-05:00,625.280029296875,625.4199829101562,624.6300048828125,625.0900268554688,11802862,0.0,0.0,0.0
2025-12-09 15:00:00-05:00,625.0900268554688,625.3599853515625,624.8900146484375,624.97998046875,929098,0.0,0.0,0.0
2025-12-09 15:30:00-05:00,624.9600219726562,625.5499877929688,624.280029296875,625.1099853515625,2468779,0.0,0.0,0.0
2025-12-10 09:30:00-05:00,623.8400268554688,624.4400024414062,621.9199829101562,623.4500122070312,3780966,0.0,0.0,0.0
2025-12-10 10:00:00-05:00,623.4299926757812,624.0599975585938,622.8400268554688,623.5599975585938,1664621,0.0,0.0,0.0
2025-12-10 10:30:00-05:00,623.5599975585938,623.719970703125,621.52001953125,621.9000244140625,2308818,0.0,0.0,0.0
2025-12-10 11:00:00-05:00,621.92822265625,623.9387817382812,620.989990234375,623.8499755859375,1992816,0.0,0.0,0.0
2025-12-10 11:30:00-05:00,623.8200073242188,624.0897216796875,622.9400024414062,623.9199829101562,1485987,0.0,0.0,0.0
2025-12-10 12:00:00-05:00,623.9099731445312,624.0399780273438,623.0800170898438,623.280029296875,810164,0.0,0.0,0.0
2025-12-10 12:30:00-05:00,623.25,624.6699829101562,623.1282958984375,624.260009765625,814455,0.0,0.0,0.0
2025-12-10 13:00:00-05:00,624.260009765625,624.3200073242188,622.6099853515625,622.8718872070312,1070603,0.0,0.0,0.0
2025-12-10 13:30:00-05:00,622.8599853515625,623.469970703125,622.5900268554688,623.1300048828125,1245175,0.0,0.0,0.0
2025-12-10 14:00:00-05:00,623.114990234375,626.1099853515625,622.8699951171875,624.3400268554688,4055036,0.0,0.0,0.0
2025-12-10 14:30:00-05:00,624.3599853515625,628.3699951171875,623.0,628.1400146484375,5579924,0.0,0.0,0.0
2025-12-10 15:00:00-05:00,628.1300048828125,629.2000122070312,627.22998046875,628.4099731445312,3229103,0.0,0.0,0.0
2025-12-10 15:30:00-05:00,628.4199829101562,629.0599975585938,627.35498046875,627.5399780273438,22636148,0.0,0.0,0.0
2025-12-11 09:30:00-05:00,623.8200073242188,623.9550170898438,617.97998046875,618.2899780273438,10674225,0.0,0.0,0.0
2025-12-11 10:00:00-05:00,618.3099975585938,623.5,617.719970703125,622.77001953125,3616818,0.0,0.0,0.0
2025-12-11 10:30:00-05:00,622.77001953125,623.0399780273438,619.3099975585938,621.139892578125,3702980,0.0,0.0,0.0
2025-12-11 11:00:00-05:00,621.1343994140625,621.8599853515625,619.3099975585938,619.5700073242188,2633218,0.0,0.0,0.0
2025-12-11 11:30:00-05:00,619.5700073242188,622.5399780273438,619.489990234375,620.4299926757812,2684047,0.0,0.0,0.0
2025-12-11 12:00:00-05:00,620.4199829101562,623.6801147460938,620.2899780273438,622.8900146484375,2179187,0.0,0.0,0.0
2025-12-11 12:30:00-05:00,622.8900146484375,623.9400024414062,622.3001708984375,622.6500244140625,1624119,0.0,0.0,0.0
2025-12-11 13:00:00-05:00,622.6300048828125,623.8800048828125,622.3900146484375,623.3499755859375,1298341,0.0,0.0,0.0
2025-12-11 13:30:00-05:00,623.3400268554688,624.8800048828125,623.0800170898438,623.719970703125,17716096,0.0,0.0,0.0
2025-12-11 14:00:00-05:00,623.72998046875,625.27001953125,623.6849975585938,625.1799926757812,17973335,0.0,0.0,0.0
2025-12-11 14:30:00-05:00,625.1799926757812,625.780029296875,624.9500122070312,624.969970703125,1123935,0.0,0.0,0.0
2025-12-11 15:00:00-05:00,624.97998046875,625.4199829101562,624.6300048828125,624.7050170898438,1069248,0.0,0.0,0.0
2025-12-11 15:30:00-05:00,624.7000122070312,625.719970703125,624.260009765625,625.6199951171875,3095870,0.0,0.0,0.0
2025-12-12 09:30:00-05:00,621.8690185546875,623.5399780273438,620.6400146484375,622.010009765625,6328229,0.0,0.0,0.0
2025-12-12 10:00:00-05:00,622.010009765625,622.0499877929688,616.155029296875,616.27001953125,5247226,0.0,0.0,0.0
2025-12-12 10:30:00-05:00,616.260009765625,618.25,613.719970703125,614.3590087890625,4528026,0.0,0.0,0.0
2025-12-12 11:00:00-05:00,614.3300170898438,615.219970703125,611.739990234375,613.9400024414062,4993969,0.0,0.0,0.0
2025-12-12 11:30:00-05:00,613.9306030273438,613.9600219726562,611.3599853515625,612.75,3607452,0.0,0.0,0.0
2025-12-12 12:00:00-05:00,612.739990234375,615.780029296875,612.4400024414062,613.8900146484375,3210527,0.0,0.0,0.0
2025-12-12 12:30:00-05:00,613.8900146484375,616.0170288085938,613.1799926757812,615.219970703125,2086264,0.0,0.0,0.0
2025-12-12 13:00:00-05:00,615.22998046875,617.469970703125,614.8800048828125,616.739990234375,2347827,0.0,0.0,0.0
2025-12-12 13:30:00-05:00,616.719970703125,616.8300170898438,615.1400146484375,615.22998046875,1516976,0.0,0.0,0.0
2025-12-12 14:00:00-05:00,615.22998046875,615.4099731445312,613.6900024414062,613.9600219726562,1782089,0.0,0.0,0.0
2025-12-12 14:30:00-05:00,613.97998046875,614.9199829101562,613.9500122070312,614.4099731445312,1583218,0.0,0.0,0.0
2025-12-12 15:00:00-05:00,614.4099731445312,614.8599853515625,613.4500122070312,613.5800170898438,1817254,0.0,0.0,0.0
2025-12-12 15:30:00-05:00,613.5800170898438,613.8800048828125,612.02001953125,613.5999755859375,6084891,0.0,0.0,0.0
2025-12-15 09:30:00-05:00,617.75,618.1500244140625,613.6599731445312,613.9299926757812,5378415,0.0,0.0,0.0
2025-12-15 10:00:00-05:00,613.9299926757812,614.1699829101562,609.3200073242188,610.1599731445312,4272044,0.0,0.0,0.0
2025-12-15 10:30:00-05:00,610.1400146484375,613.25,609.8200073242188,612.1599731445312,2628053,0.0,0.0,0.0
2025-12-15 11:00:00-05:00,612.1599731445312,614.9000244140625,611.4500122070312,614.6199951171875,1927240,0.0,0.0,0.0
2025-12-15 11:30:00-05:00,614.635009765625,614.780029296875,611.3800048828125,612.4099731445312,2207837,0.0,0.0,0.0
2025-12-15 12:00:00-05:00,612.4400024414062,612.7750244140625,611.5900268554688,612.0700073242188,1179552,0.0,0.0,0.0
2025-12-15 12:30:00-05:00,612.0999755859375,612.97998046875,610.510009765625,611.6600952148438,1200529,0.0,0.0,0.0
2025-12-15 13:00:00-05:00,611.6199951171875,612.427490234375,610.530029296875,610.8499755859375,13452026,0.0,0.0,0.0
2025-12-15 13:30:00-05:00,610.8400268554688,612.5499877929688,610.4299926757812,612.159912109375,1015287,0.0,0.0,0.0
2025-12-15 14:00:00-05:00,612.12109375,612.8699951171875,611.4500122070312,611.75,1590264,0.0,0.0,0.0
2025-12-15 14:30:00-05:00,611.739990234375,612.2100219726562,611.030029296875,612.1199951171875,1054343,0.0,0.0,0.0
2025-12-15 15:00:00-05:00,612.0999755859375,612.22998046875,611.02001953125,611.3499755859375,1133803,0.0,0.0,0.0
2025-12-15 15:30:00-05:00,611.3599853515625,611.5098876953125,610.4099731445312,610.47998046875,2732630,0.0,0.0,0.0
2025-12-16 09:30:00-05:00,608.2739868164062,612.25,607.5850219726562,612.1099853515625,4676927,0.0,0.0,0.0
2025-12-16 10:00:00-05:00,612.2100219726562,612.47998046875,606.969970703125,608.5,3086540,0.0,0.0,0.0
2025-12-16 10:30:00-05:00,608.489990234375,610.8300170898438,607.3809814453125,610.4500122070312,2148209,0.0,0.0,0.0
2025-12-16 11:00:00-05:00,610.469970703125,610.9450073242188,607.8499755859375,608.2999877929688,2115771,0.0,0.0,0.0
2025-12-16 11:30:00-05:00,608.2999877929688,610.8499755859375,607.8800048828125,610.72998046875,1569575,0.0,0.0,0.0
2025-12-16 12:00:00-05:00,610.77001953125,611.2000122070312,608.9099731445312,609.280029296875,1830212,0.0,0.0,0.0
2025-12-16 12:30:00-05:00,609.2501220703125,610.4000244140625,607.3699951171875,607.5689697265625,1420222,0.0,0.0,0.0
2025-12-16 13:00:00-05:00,607.530029296875,608.3599853515625,606.9100952148438,607.6441040039062,1593254,0.0,0.0,0.0
2025-12-16 13:30:00-05:00,607.6500244140625,611.1300048828125,607.5900268554688,610.2999877929688,1749384,0.0,0.0,0.0
2025-12-16 14:00:00-05:00,610.260009765625,610.3300170898438,608.1699829101562,609.5349731445312,18958497,0.0,0.0,0.0
2025-12-16 14:30:00-05:00,609.530029296875,611.2100219726562,609.3400268554688,610.469970703125,1341726,0.0,0.0,0.0
2025-12-16 15:00:00-05:00,610.4600219726562,611.8699951171875,610.260009765625,611.7999877929688,1528616,0.0,0.0,0.0
2025-12-16 15:30:00-05:00,611.7899780273438,613.510009765625,611.756591796875,611.7999877929688,2987603,0.0,0.0,0.0
2025-12-17 09:30:00-05:00,613.0900268554688,613.6500244140625,608.8900756835938,611.0599975585938,5864224,0.0,0.0,0.0
2025-12-17 10:00:00-05:00,611.0499877929688,611.3599853515625,609.72998046875,610.7100219726562,2700759,0.0,0.0,0.0
2025-12-17 10:30:00-05:00,610.6699829101562,611.02978515625,603.9099731445312,604.510009765625,4822392,0.0,0.0,0.0
2025-12-17 11:00:00-05:00,604.47998046875,606.030029296875,603.27001953125,604.739990234375,3653277,0.0,0.0,0.0
2025-12-17 11:30:00-05:00,604.7000122070312,604.719970703125,602.77001953125,604.0,2522473,0.0,0.0,0.0
2025-12-17 12:00:00-05:00,603.989990234375,604.9949951171875,602.719970703125,604.1500244140625,3215049,0.0,0.0,0.0
2025-12-17 12:30:00-05:00,604.1500244140625,605.1500244140625,602.75,603.6799926757812,2074448,0.0,0.0,0.0
2025-12-17 13:00:00-05:00,603.72998046875,605.010009765625,602.9498901367188,603.4099731445312,1972587,0.0,0.0,0.0
2025-12-17 13:30:00-05:00,603.4149780273438,603.5650024414062,601.5800170898438,602.1599731445312,2393645,0.0,0.0,0.0
2025-12-17 14:00:00-05:00,602.1099853515625,602.4299926757812,601.5700073242188,601.77001953125,1738172,0.0,0.0,0.0
2025-12-17 14:30:00-05:00,601.75,602.8250122070312,601.2999877929688,602.5900268554688,2753486,0.0,0.0,0.0
2025-12-17 15:00:00-05:00,602.5800170898438,602.77001953125,601.7000122070312,602.0399780273438,22201055,0.0,0.0,0.0
2025-12-17 15:30:00-05:00,602.0499877929688,602.4500122070312,600.280029296875,600.3599853515625,4619597,0.0,0.0,0.0
2025-12-18 09:30:00-05:00,609.760009765625,610.9500122070312,606.9199829101562,609.6799926757812,8691821,0.0,0.0,0.0
2025-12-18 10:00:00-05:00,609.6749877929688,611.1599731445312,607.239990234375,610.8298950195312,4318970,0.0,0.0,0.0
2025-12-18 10:30:00-05:00,610.8200073242188,612.81982421875,610.4600219726562,611.8099975585938,3968759,0.0,0.0,0.0
2025-12-18 11:00:00-05:00,611.8099975585938,612.9299926757812,611.3150024414062,611.5399780273438,3073501,0.0,0.0,0.0
2025-12-18 11:30:00-05:00,611.530029296875,612.9199829101562,611.47998046875,612.3099975585938,2603665,0.0,0.0,0.0
2025-12-18 12:00:00-05:00,612.3099975585938,612.3099975585938,607.510009765625,608.5999755859375,4757551,0.0,0.0,0.0
2025-12-18 12:30:00-05:00,608.5900268554688,611.75,608.27001953125,611.5598754882812,20700251,0.0,0.0,0.0
2025-12-18 13:00:00-05:00,611.5599975585938,612.0549926757812,610.6699829101562,611.739990234375,1401782,0.0,0.0,0.0
2025-12-18 13:30:00-05:00,611.75,612.7000122070312,611.0700073242188,611.2150268554688,22332561,0.0,0.0,0.0
2025-12-18 14:00:00-05:00,611.2100219726562,611.239990234375,609.2100219726562,609.780029296875,24483513,0.0,0.0,0.0
2025-12-18 14:30:00-05:00,609.77001953125,609.8900146484375,607.75,608.0900268554688,2142403,0.0,0.0,0.0
2025-12-18 15:00:00-05:00,608.0900268554688,610.6300048828125,607.719970703125,610.4400024414062,26576091,0.0,0.0,0.0
2025-12-18 15:30:00-05:00,610.4400024414062,611.2730102539062,609.1400146484375,609.1500244140625,3535816,0.0,0.0,0.0
2025-12-19 09:30:00-05:00,611.9500122070312,616.9600219726562,611.885009765625,616.6500244140625,6913118,0.0,0.0,0.0
2025-12-19 10:00:00-05:00,616.6400146484375,617.6199951171875,614.3800048828125,615.4000244140625,3143729,0.0,0.0,0.0
2025-12-19 10:30:00-05:00,615.4000244140625,616.489990234375,614.47998046875,614.8150024414062,2024532,0.0,0.0,0.0
2025-12-19 11:00:00-05:00,614.7999877929688,616.6500244140625,614.239990234375,616.2000122070312,6224411,0.0,0.0,0.0
2025-12-19 11:30:00-05:00,616.2100219726562,616.72998046875,615.0900268554688,615.3400268554688,1810113,0.0,0.0,0.0
2025-12-19 12:00:00-05:00,615.3599853515625,617.0900268554688,615.280029296875,616.9600219726562,2024522,0.0,0.0,0.0
2025-12-19 12:30:00-05:00,616.969970703125,617.5,616.5599975585938,617.0399780273438,1261261,0.0,0.0,0.0
2025-12-19 13:00:00-05:00,617.0349731445312,617.3800048828125,616.8300170898438,616.97998046875,1129953,0.0,0.0,0.0
2025-12-19 13:30:00-05:00,616.989990234375,617.0900268554688,616.280029296875,616.47998046875,14106467,0.0,0.0,0.0
2025-12-19 14:00:00-05:00,616.469970703125,617.239990234375,616.4600219726562,617.1300048828125,1709952,0.0,0.0,0.0
2025-12-19 14:30:00-05:00,617.10498046875,617.3900146484375,616.8709716796875,616.9000244140625,1095970,0.0,0.0,0.0
2025-12-19 15:00:00-05:00,616.8900146484375,617.35498046875,616.8599853515625,617.239990234375,1443149,0.0,0.0,0.0
2025-12-19 15:30:00-05:00,617.219970703125,617.47998046875,616.3499755859375,617.239990234375,5195501,0.0,0.0,0.0
2025-12-22 09:30:00-05:00,621.3800048828125,621.6500244140625,618.7525024414062,620.5800170898438,6127788,0.794,0.0,0.0
2025-12-22 10:00:00-05:00,620.5700073242188,620.739990234375,618.84130859375,619.1799926757812,2567283,0.0,0.0,0.0
2025-12-22 10:30:00-05:00,619.1900024414062,619.3900146484375,617.77001953125,618.85791015625,2478466,0.0,0.0,0.0
2025-12-22 11:00:00-05:00,618.8599853515625,619.9400024414062,618.8150024414062,619.739990234375,1932159,0.0,0.0,0.0
2025-12-22 11:30:00-05:00,619.739990234375,619.8099975585938,619.2100219726562,619.8099975585938,1120713,0.0,0.0,0.0
2025-12-22 12:00:00-05:00,619.8200073242188,619.9000244140625,619.3400268554688,619.4299926757812,1239599,0.0,0.0,0.0
2025-12-22 12:30:00-05:00,619.4299926757812,620.0700073242188,619.1300048828125,619.9550170898438,1148953,0.0,0.0,0.0
2025-12-22 13:00:00-05:00,619.9400024414062,619.969970703125,618.8200073242188,619.1799926757812,1111643,0.0,0.0,0.0
2025-12-22 13:30:00-05:00,619.1799926757812,619.4375,618.9400024414062,619.1799926757812,1337774,0.0,0.0,0.0
2025-12-22 14:00:00-05:00,619.1799926757812,619.4400024414062,618.8623046875,619.4000244140625,891373,0.0,0.0,0.0
2025-12-22 14:30:00-05:00,619.39501953125,619.7100219726562,619.14501953125,619.1900024414062,911169,0.0,0.0,0.0
2025-12-22 15:00:00-05:00,619.1900024414062,619.27001953125,618.9299926757812,619.1300048828125,967407,0.0,0.0,0.0
2025-12-22 15:30:00-05:00,619.1199951171875,619.489990234375,618.9600219726562,619.1500244140625,2568169,0.0,0.0,0.0
2025-12-23 09:30:00-05:00,620.0,620.7150268554688,618.8900146484375,619.3101196289062,4223198,0.0,0.0,0.0
2025-12-23 10:00:00-05:00,619.3300170898438,619.3699951171875,617.780029296875,618.8988037109375,2159468,0.0,0.0,0.0
2025-12-23 10:30:00-05:00,618.8900146484375,620.47998046875,618.8699951171875,620.2313232421875,1790155,0.0,0.0,0.0
2025-12-23 11:00:00-05:00,620.25,620.75,620.1400146484375,620.52001953125,1209746,0.0,0.0,0.0
2025-12-23 11:30:00-05:00,620.52001953125,621.3098754882812,620.239990234375,621.22998046875,1603096,0.0,0.0,0.0
2025-12-23 12:00:00-05:00,621.239990234375,621.3300170898438,620.9500122070312,621.0700073242188,920316,0.0,0.0,0.0
2025-12-23 12:30:00-05:00,621.0700073242188,621.219970703125,620.6900024414062,620.78759765625,1205992,0.0,0.0,0.0
2025-12-23 13:00:00-05:00,620.7899780273438,621.405029296875,620.7286987304688,621.1699829101562,967842,0.0,0.0,0.0
2025-12-23 13:30:00-05:00,621.1799926757812,621.3800048828125,621.1099853515625,621.25,846134,0.0,0.0,0.0
2025-12-23 14:00:00-05:00,621.25,621.6699829101562,621.2182006835938,621.5499877929688,864458,0.0,0.0,0.0
2025-12-23 14:30:00-05:00,621.5499877929688,621.8800048828125,621.4500122070312,621.7999877929688,792826,0.0,0.0,0.0
2025-12-23 15:00:00-05:00,621.7999877929688,622.0150146484375,621.760009765625,621.8499755859375,1044300,0.0,0.0,0.0
2025-12-23 15:30:00-05:00,621.8400268554688,622.4000244140625,621.760009765625,622.2100219726562,2299848,0.0,0.0,0.0
2025-12-24 09:30:00-05:00,622.25,622.6599731445312,621.719970703125,622.3400268554688,2404374,0.0,0.0,0.0
2025-12-24 10:00:00-05:00,622.3231811523438,623.0700073242188,622.2000122070312,622.4813232421875,1362526,0.0,0.0,0.0
2025-12-24 10:30:00-05:00,622.481201171875,622.8699951171875,622.3200073242188,622.7913208007812,915032,0.0,0.0,0.0
2025-12-24 11:00:00-05:00,622.7999877929688,623.4299926757812,622.780029296875,623.3599853515625,1094457,0.0,0.0,0.0
2025-12-24 11:30:00-05:00,623.3699951171875,624.0800170898438,623.2899780273438,623.8800048828125,1097311,0.0,0.0,0.0
2025-12-24 12:00:00-05:00,623.8900146484375,624.0399780273438,623.6110229492188,623.8699951171875,926987,0.0,0.0,0.0
2025-12-24 12:30:00-05:00,623.8599853515625,624.27001953125,623.6500244140625,623.9400024414062,1631245,0.0,0.0,0.0
2025-12-26 09:30:00-05:00,624.6799926757812,625.5150146484375,623.8599853515625,624.2349853515625,2648218,0.0,0.0,0.0
2025-12-26 10:00:00-05:00,624.219970703125,624.4000244140625,623.1400146484375,624.3400268554688,3981751,0.0,0.0,0.0
2025-12-26 10:30:00-05:00,624.3300170898438,624.863525390625,624.1099853515625,624.7113037109375,1154476,0.0,0.0,0.0
2025-12-26 11:00:00-05:00,624.7100219726562,624.989990234375,623.7000122070312,624.2999877929688,1068195,0.0,0.0,0.0
2025-12-26 11:30:00-05:00,624.3099975585938,624.4949951171875,624.0800170898438,624.1099853515625,589759,0.0,0.0,0.0
2025-12-26 12:00:00-05:00,624.126220703125,624.25,623.510009765625,624.239990234375,7027496,0.0,0.0,0.0
2025-12-26 12:30:00-05:00,624.239990234375,624.2802734375,623.75,624.0449829101562,457638,0.0,0.0,0.0
2025-12-26 13:00:00-05:00,624.0499877929688,624.2750244140625,623.6199951171875,623.989990234375,707910,0.0,0.0,0.0
2025-12-26 13:30:00-05:00,623.989990234375,624.530029296875,623.969970703125,624.5,637157,0.0,0.0,0.0
2025-12-26 14:00:00-05:00,624.510009765625,624.6699829101562,624.2050170898438,624.260009765625,540932,0.0,0.0,0.0
2025-12-26 14:30:00-05:00,624.260009765625,624.5900268554688,624.0850219726562,624.4849853515625,648025,0.0,0.0,0.0
2025-12-26 15:00:00-05:00,624.469970703125,624.5,623.9299926757812,624.0599975585938,844830,0.0,0.0,0.0
2025-12-26 15:30:00-05:00,624.0599975585938,624.2150268554688,623.6699829101562,623.8400268554688,2441586,0.0,0.0,0.0
2025-12-29 09:30:00-05:00,620.1099853515625,622.7750244140625,619.1099853515625,620.47998046875,4271830,0.0,0.0,0.0
2025-12-29 10:00:00-05:00,620.5,621.1400146484375,619.030029296875,621.030029296875,1949351,0.0,0.0,0.0
2025-12-29 10:30:00-05:00,621.02001953125,621.6900024414062,619.344970703125,620.02001953125,1619817,0.0,0.0,0.0
2025-12-29 11:00:00-05:00,620.010009765625,620.3634033203125,619.489990234375,620.0650024414062,1162130,0.0,0.0,0.0
2025-12-29 11:30:00-05:00,620.030029296875,620.3800048828125,619.4849853515625,619.8599853515625,1179969,0.0,0.0,0.0
2025-12-29 12:00:00-05:00,619.8599853515625,620.1199951171875,618.72998046875,618.97607421875,8341691,0.0,0.0,0.0
2025-12-29 12:30:00-05:00,618.9749755859375,620.0899047851562,618.9000244140625,619.9500122070312,971590,0.0,0.0,0.0
2025-12-29 13:00:00-05:00,619.9400024414062,620.2100219726562,619.5,620.02001953125,726108,0.0,0.0,0.0
2025-12-29 13:30:00-05:00,620.02001953125,620.6599731445312,619.7249755859375,619.8400268554688,671786,0.0,0.0,0.0
2025-12-29 14:00:00-05:00,619.8300170898438,620.2650146484375,619.5900268554688,620.2249755859375,624581,0.0,0.0,0.0
2025-12-29 14:30:00-05:00,620.219970703125,621.6950073242188,620.1799926757812,621.489990234375,1357885,0.0,0.0,0.0
2025-12-29 15:00:00-05:00,621.4949951171875,621.510009765625,621.0900268554688,621.1099853515625,763085,0.0,0.0,0.0
2025-12-29 15:30:00-05:00,621.114990234375,621.3200073242188,620.6099853515625,620.8800048828125,1629283,0.0,0.0,0.0
2025-12-30 09:30:00-05:00,620.3599853515625,621.75,619.3800048828125,621.3300170898438,2681204,0.0,0.0,0.0
2025-12-30 10:00:00-05:00,621.2999877929688,621.4199829101562,619.5900268554688,619.9600219726562,1764760,0.0,0.0,0.0
2025-12-30 10:30:00-05:00,619.9400024414062,621.22998046875,619.5800170898438,621.041015625,1328241,0.0,0.0,0.0
2025-12-30 11:00:00-05:00,621.030029296875,622.1699829101562,620.9100952148438,621.7100219726562,5363266,0.0,0.0,0.0
2025-12-30 11:30:00-05:00,621.7100219726562,621.77001953125,620.4000244140625,620.469970703125,1120925,0.0,0.0,0.0
2025-12-30 12:00:00-05:00,620.4600219726562,620.5900268554688,620.010009765625,620.5399780273438,1097504,0.0,0.0,0.0
2025-12-30 12:30:00-05:00,620.5399780273438,620.9099731445312,620.2999877929688,620.7000122070312,7356986,0.0,0.0,0.0
2025-12-30 13:00:00-05:00,620.7100219726562,620.9199829101562,620.1900024414062,620.8699951171875,906006,0.0,0.0,0.0
2025-12-30 13:30:00-05:00,620.8699951171875,621.030029296875,620.4500122070312,620.75,819928,0.0,0.0,0.0
2025-12-30 14:00:00-05:00,620.72998046875,620.97998046875,620.3300170898438,620.8150024414062,730014,0.0,0.0,0.0
2025-12-30 14:30:00-05:00,620.8200073242188,620.9400024414062,620.1500244140625,620.3099975585938,10031404,0.0,0.0,0.0
2025-12-30 15:00:00-05:00,620.2999877929688,620.4400024414062,619.5999755859375,620.125,881024,0.0,0.0,0.0
2025-12-30 15:30:00-05:00,620.1199951171875,620.35498046875,619.2150268554688,619.4199829101562,1937195,0.0,0.0,0.0
2025-12-31 09:30:00-05:00,619.75,619.9600219726562,617.3311767578125,617.9199829101562,3488126,0.0,0.0,0.0
2025-12-31 10:00:00-05:00,617.9299926757812,618.2000122070312,617.030029296875,617.8400268554688,1705362,0.0,0.0,0.0
2025-12-31 10:30:00-05:00,617.8300170898438,617.989990234375,616.4500122070312,616.7449951171875,1588404,0.0,0.0,0.0
2025-12-31 11:00:00-05:00,616.7150268554688,617.739990234375,616.6900024414062,617.719970703125,1242739,0.0,0.0,0.0
2025-12-31 11:30:00-05:00,617.72998046875,617.969970703125,617.1199951171875,617.9154052734375,868943,0.0,0.0,0.0
2025-12-31 12:00:00-05:00,617.9099731445312,617.9400024414062,617.0399780273438,617.4849853515625,1050120,0.0,0.0,0.0
2025-12-31 12:30:00-05:00,617.47998046875,617.9099731445312,617.1300048828125,617.3571166992188,1020855,0.0,0.0,0.0
2025-12-31 13:00:00-05:00,617.3499755859375,617.9000244140625,617.1599731445312,617.85009765625,661200,0.0,0.0,0.0
2025-12-31 13:30:00-05:00,617.8599853515625,618.47998046875,617.7000732421875,618.1300048828125,10141011,0.0,0.0,0.0
2025-12-31 14:00:00-05:00,618.1199951171875,618.5999755859375,617.3079833984375,617.3400268554688,756485,0.0,0.0,0.0
2025-12-31 14:30:00-05:00,617.3400268554688,617.4199829101562,616.1900024414062,616.2899780273438,1396094,0.0,0.0,0.0
2025-12-31 15:00:00-05:00,616.280029296875,616.3699951171875,614.75,614.8767700195312,2160924,0.0,0.0,0.0
2025-12-31 15:30:00-05:00,614.8800048828125,615.739990234375,614.0499877929688,614.280029296875,4763742,0.0,0.0,0.0
2026-01-02 09:30:00-05:00,620.0700073242188,622.8499755859375,618.9000244140625,621.1901245117188,5271751,0.0,0.0,0.0
2026-01-02 10:00:00-05:00,621.1900024414062,622.27001953125,614.6099853515625,615.4099731445312,4580837,0.0,0.0,0.0
2026-01-02 10:30:00-05:00,615.4099731445312,618.1199951171875,612.3099975585938,612.6649780273438,4390873,0.0,0.0,0.0
2026-01-02 11:00:00-05:00,612.6799926757812,613.4530029296875,610.75,612.760009765625,4836570,0.0,0.0,0.0
2026-01-02 11:30:00-05:00,612.72998046875,613.9249877929688,611.0,611.9500122070312,2209915,0.0,0.0,0.0
2026-01-02 12:00:00-05:00,611.9000244140625,613.4249877929688,611.3099975585938,613.0098876953125,1569484,0.0,0.0,0.0
2026-01-02 12:30:00-05:00,613.010009765625,613.3372192382812,611.260009765625,611.5599975585938,1444279,0.0,0.0,0.0
2026-01-02 13:00:00-05:00,611.52001953125,612.4949951171875,611.1500244140625,611.760009765625,1084981,0.0,0.0,0.0
2026-01-02 13:30:00-05:00,611.75,612.1900024414062,610.1500244140625,610.8400268554688,1576912,0.0,0.0,0.0
2026-01-02 14:00:00-05:00,610.8377075195312,613.8099975585938,610.7100219726562,613.5900268554688,1815452,0.0,0.0,0.0
2026-01-02 14:30:00-05:00,613.5900268554688,614.6900024414062,613.0650024414062,613.3599853515625,2026633,0.0,0.0,0.0
2026-01-02 15:00:00-05:00,613.3499755859375,614.5499877929688,613.0900268554688,614.1099853515625,1244060,0.0,0.0,0.0
2026-01-02 15:30:00-05:00,614.0999755859375,614.3200073242188,612.5,613.0900268554688,24376037,0.0,0.0,0.0
2026-01-05 09:30:00-05:00,619.6900024414062,619.8099975585938,616.719970703125,618.0599975585938,5977541,0.0,0.0,0.0
2026-01-05 10:00:00-05:00,618.0999755859375,620.22998046875,617.4099731445312,619.9801025390625,2476791,0.0,0.0,0.0
2026-01-05 10:30:00-05:00,620.0,620.3900146484375,619.1199951171875,619.780029296875,1753843,0.0,0.0,0.0
2026-01-05 11:00:00-05:00,619.780029296875,620.5399780273438,619.4600830078125,620.239990234375,1706381,0.0,0.0,0.0
2026-01-05 11:30:00-05:00,620.22998046875,620.8099975585938,619.6099853515625,619.6500244140625,1695352,0.0,0.0,0.0
2026-01-05 12:00:00-05:00,619.6599731445312,619.989990234375,618.6190185546875,618.9199829101562,1525362,0.0,0.0,0.0
2026-01-05 12:30:00-05:00,618.9500122070312,619.0999755859375,618.4299926757812,618.9000244140625,1266825,0.0,0.0,0.0
2026-01-05 13:00:00-05:00,618.8800048828125,619.030029296875,617.25,618.385009765625,1578466,0.0,0.0,0.0
2026-01-05 13:30:00-05:00,618.3900146484375,618.8599853515625,618.0,618.5650024414062,1125503,0.0,0.0,0.0
2026-01-05 14:00:00-05:00,618.5700073242188,618.6900024414062,617.8599853515625,617.9000244140625,1212264,0.0,0.0,0.0
2026-01-05 14:30:00-05:00,617.9000244140625,618.0399780273438,617.0399780273438,617.7000732421875,1128165,0.0,0.0,0.0
2026-01-05 15:00:00-05:00,617.7000122070312,618.3800048828125,617.4500122070312,618.25,1474922,0.0,0.0,0.0
2026-01-05 15:30:00-05:00,618.25,618.5800170898438,617.4500122070312,617.9500122070312,2377188,0.0,0.0,0.0
2026-01-06 09:30:00-05:00,619.219970703125,622.1900024414062,618.5499877929688,621.984375,4372384,0.0,0.0,0.0
2026-01-06 10:00:00-05:00,621.9600219726562,622.5900268554688,621.3499755859375,622.4299926757812,2359538,0.0,0.0,0.0
2026-01-06 10:30:00-05:00,622.4199829101562,622.4500122070312,620.0999755859375,620.4299926757812,2811243,0.0,0.0,0.0
2026-01-06 11:00:00-05:00,620.4199829101562,620.9199829101562,619.405029296875,620.2000122070312,2135981,0.0,0.0,0.0
2026-01-06 11:30:00-05:00,620.2100219726562,620.7044067382812,620.0427856445312,620.3499145507812,1451131,0.0,0.0,0.0
2026-01-06 12:00:00-05:00,620.4000244140625,621.7899780273438,620.14990234375,621.58251953125,1435666,0.0,0.0,0.0
2026-01-06 12:30:00-05:00,621.5900268554688,622.780029296875,621.5700073242188,622.1599731445312,1397913,0.0,0.0,0.0
2026-01-06 13:00:00-05:00,622.1799926757812,622.6599731445312,621.8699951171875,622.1400146484375,883236,0.0,0.0,0.0
2026-01-06 13:30:00-05:00,622.2509765625,623.22998046875,621.9199829101562,623.219970703125,1430757,0.0,0.0,0.0
2026-01-06 14:00:00-05:00,623.219970703125,623.4053955078125,622.969970703125,623.340087890625,818361,0.0,0.0,0.0
2026-01-06 14:30:00-05:00,623.4066772460938,623.6099853515625,623.2650146484375,623.2899780273438,1040754,0.0,0.0,0.0
2026-01-06 15:00:00-05:00,623.2999877929688,623.6400146484375,623.155029296875,623.3599853515625,847823,0.0,0.0,0.0
2026-01-06 15:30:00-05:00,623.3499755859375,623.989990234375,623.2999877929688,623.7999877929688,1976703,0.0,0.0,0.0
2026-01-07 09:30:00-05:00,623.0399780273438,625.1500244140625,622.5599975585938,624.5999755859375,4334741,0.0,0.0,0.0
2026-01-07 10:00:00-05:00,624.6300048828125,625.0609741210938,623.530029296875,624.8300170898438,4869667,0.0,0.0,0.0
2026-01-07 10:30:00-05:00,624.8300170898438,625.9099731445312,623.52001953125,625.780029296875,2445961,0.0,0.0,0.0
2026-01-07 11:00:00-05:00,625.7899780273438,626.3099975585938,625.1441040039062,625.5399780273438,1497739,0.0,0.0,0.0
2026-01-07 11:30:00-05:00,625.5399169921875,627.3400268554688,625.4099731445312,627.3099975585938,10075527,0.0,0.0,0.0
2026-01-07 12:00:00-05:00,627.3099975585938,627.7999877929688,627.1849975585938,627.655029296875,919395,0.0,0.0,0.0
2026-01-07 12:30:00-05:00,627.6599731445312,627.9400024414062,627.1099853515625,627.3499755859375,1197316,0.0,0.0,0.0
2026-01-07 13:00:00-05:00,627.3200073242188,627.3699951171875,626.280029296875,626.3699951171875,1070992,0.0,0.0,0.0
2026-01-07 13:30:00-05:00,626.3800048828125,627.5399780273438,626.3699951171875,626.989990234375,1200030,0.0,0.0,0.0
2026-01-07 14:00:00-05:00,626.989990234375,627.0050048828125,625.4400024414062,625.64501953125,1496234,0.0,0.0,0.0
2026-01-07 14:30:00-05:00,625.669921875,626.169921875,625.47998046875,625.7150268554688,1072314,0.0,0.0,0.0
2026-01-07 15:00:00-05:00,625.7150268554688,625.989990234375,624.510009765625,624.7000122070312,15241049,0.0,0.0,0.0
2026-01-07 15:30:00-05:00,624.7000122070312,624.75,623.6199951171875,624.0399780273438,3642996,0.0,0.0,0.0
2026-01-08 09:30:00-05:00,622.25,622.4949951171875,618.47998046875,618.6199951171875,5563183,0.0,0.0,0.0
2026-01-08 10:00:00-05:00,618.5800170898438,621.25,617.7999877929688,620.8699951171875,3125679,0.0,0.0,0.0
2026-01-08 10:30:00-05:00,620.8499755859375,621.0599975585938,618.7979736328125,620.5300903320312,3030009,0.0,0.0,0.0
2026-01-08 11:00:00-05:00,620.5499877929688,620.5900268554688,618.8599853515625,619.1199951171875,1885733,0.0,0.0,0.0
2026-01-08 11:30:00-05:00,619.0700073242188,620.385009765625,618.1199951171875,620.1968994140625,12002285,0.0,0.0,0.0
2026-01-08 12:00:00-05:00,620.1900024414062,620.4199829101562,619.1300048828125,619.3630981445312,1222103,0.0,0.0,0.0
2026-01-08 12:30:00-05:00,619.3599853515625,620.989990234375,619.3298950195312,620.4210815429688,1366642,0.0,0.0,0.0
2026-01-08 13:00:00-05:00,620.4199829101562,620.5150146484375,618.9600219726562,619.9000244140625,1551439,0.0,0.0,0.0
2026-01-08 13:30:00-05:00,619.9000244140625,620.3101196289062,619.0800170898438,619.2344970703125,1257792,0.0,0.0,0.0
2026-01-08 14:00:00-05:00,619.22998046875,619.8599853515625,618.4099731445312,619.1400146484375,16704934,0.0,0.0,0.0
2026-01-08 14:30:00-05:00,619.1300048828125,619.5700073242188,618.7899780273438,619.2899780273438,1271392,0.0,0.0,0.0
2026-01-08 15:00:00-05:00,619.27001953125,620.4600219726562,619.0850219726562,620.27001953125,1110991,0.0,0.0,0.0
2026-01-08 15:30:00-05:00,620.2899780273438,620.8499755859375,620.0599975585938,620.4099731445312,2370867,0.0,0.0,0.0
2026-01-09 09:30:00-05:00,620.25,623.260009765625,619.8400268554688,621.9215087890625,5147133,0.0,0.0,0.0
2026-01-09 10:00:00-05:00,621.9500122070312,624.89501953125,619.0599975585938,624.739990234375,3871162,0.0,0.0,0.0
2026-01-09 10:30:00-05:00,624.75,625.3400268554688,622.530029296875,623.77001953125,2792177,0.0,0.0,0.0
2026-01-09 11:00:00-05:00,623.7999877929688,625.8800048828125,623.77001953125,624.970703125,1952851,0.0,0.0,0.0
2026-01-09 11:30:00-05:00,624.969970703125,626.3300170898438,624.530029296875,626.0900268554688,1560520,0.0,0.0,0.0
2026-01-09 12:00:00-05:00,626.0700073242188,626.4600219726562,625.5050048828125,626.1599731445312,1342680,0.0,0.0,0.0
2026-01-09 12:30:00-05:00,626.1599731445312,626.6900024414062,625.9400024414062,626.4000244140625,1177154,0.0,0.0,0.0
2026-01-09 13:00:00-05:00,626.4000244140625,626.4000244140625,625.4400024414062,626.0700073242188,1369898,0.0,0.0,0.0
2026-01-09 13:30:00-05:00,626.0499877929688,627.4600219726562,626.0399780273438,627.3099975585938,1367386,0.0,0.0,0.0
2026-01-09 14:00:00-05:00,627.3099975585938,627.4349975585938,627.0050048828125,627.260009765625,13617900,0.0,0.0,0.0
2026-01-09 14:30:00-05:00,627.260009765625,627.5800170898438,627.0999755859375,627.1400146484375,968253,0.0,0.0,0.0
2026-01-09 15:00:00-05:00,627.1300048828125,627.8900146484375,627.030029296875,627.4500122070312,1193867,0.0,0.0,0.0
2026-01-09 15:30:00-05:00,627.4600219726562,627.5900268554688,626.635009765625,626.6599731445312,3207172,0.0,0.0,0.0
2026-01-12 09:30:00-05:00,622.3099975585938,626.5399780273438,622.260009765625,625.969970703125,5089829,0.0,0.0,0.0
2026-01-12 10:00:00-05:00,625.989990234375,626.760009765625,625.1799926757812,626.47998046875,2639335,0.0,0.0,0.0
2026-01-12 10:30:00-05:00,626.469970703125,626.510009765625,625.0900268554688,626.3250122070312,1965029,0.0,0.0,0.0
2026-01-12 11:00:00-05:00,626.3200073242188,627.3900146484375,625.989990234375,626.9299926757812,1549659,0.0,0.0,0.0
2026-01-12 11:30:00-05:00,626.9349975585938,627.6099853515625,626.47998046875,627.4000244140625,1010117,0.0,0.0,0.0
2026-01-12 12:00:00-05:00,627.4000244140625,627.7100219726562,627.1300048828125,627.4495849609375,853097,0.0,0.0,0.0
2026-01-12 12:30:00-05:00,627.4400024414062,627.6799926757812,626.8699951171875,627.5850219726562,735186,0.0,0.0,0.0
2026-01-12 13:00:00-05:00,627.5900268554688,628.27001953125,627.510009765625,628.1199951171875,795530,0.0,0.0,0.0
2026-01-12 13:30:00-05:00,628.1300048828125,628.1799926757812,627.719970703125,627.8250122070312,614216,0.0,0.0,0.0
2026-01-12 14:00:00-05:00,627.8200073242188,628.4199829101562,627.4400024414062,628.260009765625,747636,0.0,0.0,0.0
2026-01-12 14:30:00-05:00,628.27001953125,628.739990234375,628.25,628.7000122070312,947558,0.0,0.0,0.0
2026-01-12 15:00:00-05:00,628.7050170898438,628.844970703125,628.02001953125,628.1400146484375,1019674,0.0,0.0,0.0
2026-01-12 15:30:00-05:00,628.1400146484375,628.260009765625,627.1699829101562,627.1900024414062,15070919,0.0,0.0,0.0
2026-01-13 09:30:00-05:00,627.239990234375,629.469970703125,626.7899780273438,627.2000122070312,4369963,0.0,0.0,0.0
2026-01-13 10:00:00-05:00,627.1799926757812,627.7000122070312,623.9400024414062,624.6691284179688,2445249,0.0,0.0,0.0
2026-01-13 10:30:00-05:00,624.6339721679688,626.1500244140625,623.8800048828125,625.9500122070312,1826673,0.0,0.0,0.0
2026-01-13 11:00:00-05:00,625.9299926757812,626.6500244140625,624.7999877929688,626.1881713867188,1267715,0.0,0.0,0.0
2026-01-13 11:30:00-05:00,626.1300048828125,629.0399780273438,625.9099731445312,628.6199951171875,2119288,0.0,0.0,0.0
2026-01-13 12:00:00-05:00,628.6199951171875,628.8400268554688,627.0900268554688,627.6298828125,1304447,0.0,0.0,0.0
2026-01-13 12:30:00-05:00,627.6300048828125,627.9099731445312,625.010009765625,625.4600219726562,1475850,0.0,0.0,0.0
2026-01-13 13:00:00-05:00,625.4400024414062,626.2899780273438,624.8599853515625,625.4199829101562,1173609,0.0,0.0,0.0
2026-01-13 13:30:00-05:00,625.4099731445312,626.1199951171875,624.4299926757812,624.5980834960938,1115532,0.0,0.0,0.0
2026-01-13 14:00:00-05:00,624.6099853515625,625.3200073242188,624.1500244140625,625.219970703125,1147449,0.0,0.0,0.0
2026-01-13 14:30:00-05:00,625.1901245117188,625.6900024414062,624.7000122070312,625.239990234375,994897,0.0,0.0,0.0
2026-01-13 15:00:00-05:00,625.22998046875,625.25,624.22998046875,624.2849731445312,1044268,0.0,0.0,0.0
2026-01-13 15:30:00-05:00,624.280029296875,626.2899780273438,623.6950073242188,626.1300048828125,2470204,0.0,0.0,0.0
2026-01-14 09:30:00-05:00,621.9450073242188,623.4500122070312,618.4400024414062,618.5399780273438,6860349,0.0,0.0,0.0
2026-01-14 10:00:00-05:00,618.52001953125,621.0700073242188,617.25,619.1699829101562,4851522,0.0,0.0,0.0
2026-01-14 10:30:00-05:00,619.1199951171875,619.6599731445312,615.75,616.260009765625,4228238,0.0,0.0,0.0
2026-01-14 11:00:00-05:00,616.260009765625,618.5750122070312,616.1500244140625,618.3099975585938,2982125,0.0,0.0,0.0
2026-01-14 11:30:00-05:00,618.3099975585938,618.6300048828125,615.030029296875,615.5,3622963,0.0,0.0,0.0
2026-01-14 12:00:00-05:00,615.489990234375,616.5900268554688,614.9299926757812,616.2899780273438,1943969,0.0,0.0,0.0
2026-01-14 12:30:00-05:00,616.27001953125,616.659912109375,614.8599853515625,615.25,1965110,0.0,0.0,0.0
2026-01-14 13:00:00-05:00,615.239990234375,616.4299926757812,615.1300048828125,616.375,1468924,0.0,0.0,0.0
2026-01-14 13:30:00-05:00,616.3599853515625,617.0499877929688,614.5599975585938,616.7999877929688,2480494,0.0,0.0,0.0
2026-01-14 14:00:00-05:00,616.7999877929688,617.02001953125,616.1099853515625,616.75,1864043,0.0,0.0,0.0
2026-01-14 14:30:00-05:00,616.760009765625,617.2349853515625,616.25,616.4500122070312,1328996,0.0,0.0,0.0
2026-01-14 15:00:00-05:00,616.4299926757812,618.6799926757812,615.530029296875,617.9299926757812,2894948,0.0,0.0,0.0
2026-01-14 15:30:00-05:00,617.9400024414062,619.7999877929688,617.9199829101562,619.5999755859375,4974668,0.0,0.0,0.0
2026-01-15 09:30:00-05:00,626.7949829101562,627.260009765625,624.6599731445312,625.1599731445312,6621868,0.0,0.0,0.0
2026-01-15 10:00:00-05:00,625.155029296875,626.4000244140625,624.6099853515625,625.1400146484375,2504883,0.0,0.0,0.0
2026-01-15 10:30:00-05:00,625.1500244140625,630.0,623.760009765625,625.7000122070312,3559390,0.0,0.0,0.0
2026-01-15 11:00:00-05:00,625.6900024414062,626.77001953125,625.5499877929688,626.1900024414062,1809675,0.0,0.0,0.0
2026-01-15 11:30:00-05:00,626.1400146484375,626.9398803710938,625.6099853515625,626.6400146484375,1318291,0.0,0.0,0.0
2026-01-15 12:00:00-05:00,626.6099853515625,626.9600219726562,625.510009765625,625.590087890625,1132227,0.0,0.0,0.0
2026-01-15 12:30:00-05:00,625.603271484375,625.9400024414062,624.8699951171875,624.969970703125,1627811,0.0,0.0,0.0
2026-01-15 13:00:00-05:00,624.9199829101562,626.030029296875,624.8499755859375,626.0001220703125,996025,0.0,0.0,0.0
2026-01-15 13:30:00-05:00,625.97998046875,626.3200073242188,625.5700073242188,625.7371215820312,953883,0.0,0.0,0.0
2026-01-15 14:00:00-05:00,625.7100219726562,625.7100219726562,623.47998046875,623.6799926757812,1567043,0.0,0.0,0.0
2026-01-15 14:30:00-05:00,623.6500244140625,623.780029296875,622.3599853515625,622.6199951171875,2758172,0.0,0.0,0.0
2026-01-15 15:00:00-05:00,622.6199951171875,622.9500122070312,621.030029296875,621.7100219726562,2465391,0.0,0.0,0.0
2026-01-15 15:30:00-05:00,621.6799926757812,621.8900146484375,620.7899780273438,621.6599731445312,3185174,0.0,0.0,0.0
2026-01-16 09:30:00-05:00,625.22998046875,626.0800170898438,622.1400146484375,622.1900024414062,5324499,0.0,0.0,0.0
2026-01-16 10:00:00-05:00,622.1900024414062,623.0599975585938,620.6599731445312,620.75,3995368,0.0,0.0,0.0
2026-01-16 10:30:00-05:00,620.739990234375,621.0599975585938,618.8900146484375,621.02880859375,22129709,0.0,0.0,0.0
2026-01-16 11:00:00-05:00,621.02001953125,621.9149780273438,620.5399780273438,621.8499145507812,2480909,0.0,0.0,0.0
2026-01-16 11:30:00-05:00,621.8599853515625,622.7000122070312,621.125,621.8200073242188,15569375,0.0,0.0,0.0
2026-01-16 12:00:00-05:00,621.8300170898438,621.9349975585938,621.3298950195312,621.4400024414062,1031778,0.0,0.0,0.0
2026-01-16 12:30:00-05:00,621.4400024414062,621.75,620.4099731445312,620.4550170898438,1440906,0.0,0.0,0.0
2026-01-16 13:00:00-05:00,620.4600219726562,622.1300048828125,620.3200073242188,621.8800048828125,17282191,0.0,0.0,0.0
2026-01-16 13:30:00-05:00,621.8800048828125,622.1801147460938,621.6599731445312,621.7999877929688,1382391,0.0,0.0,0.0
2026-01-16 14:00:00-05:00,621.7949829101562,622.5599975585938,620.760009765625,620.97998046875,1644595,0.0,0.0,0.0
2026-01-16 14:30:00-05:00,620.97998046875,622.094970703125,620.9199829101562,621.7963256835938,21799501,0.0,0.0,0.0
2026-01-16 15:00:00-05:00,621.7999877929688,622.1199951171875,621.510009765625,621.6900024414062,1144970,0.0,0.0,0.0
2026-01-16 15:30:00-05:00,621.6799926757812,621.9598999023438,620.969970703125,621.0499877929688,25770156,0.0,0.0,0.0
2026-01-20 09:30:00-05:00,610.530029296875,613.594970703125,610.3300170898438,612.5175170898438,9434855,0.0,0.0,0.0
2026-01-20 10:00:00-05:00,612.47998046875,613.47998046875,610.8900146484375,613.4359741210938,5775035,0.0,0.0,0.0
2026-01-20 10:30:00-05:00,613.4299926757812,614.469970703125,612.5999755859375,613.47998046875,4662155,0.0,0.0,0.0
2026-01-20 11:00:00-05:00,613.489990234375,615.0399780273438,612.77001953125,614.4500122070312,3559441,0.0,0.0,0.0
2026-01-20 11:30:00-05:00,614.4500122070312,615.0499877929688,612.8400268554688,614.2999877929688,16688847,0.0,0.0,0.0
2026-01-20 12:00:00-05:00,614.2899780273438,614.5,612.5900268554688,612.8806762695312,2298849,0.0,0.0,0.0
2026-01-20 12:30:00-05:00,612.8800048828125,612.8800048828125,610.9000244140625,611.7559814453125,3243002,0.0,0.0,0.0
2026-01-20 13:00:00-05:00,611.77001953125,612.2100219726562,610.6099853515625,610.6900024414062,17220620,0.0,0.0,0.0
2026-01-20 13:30:00-05:00,610.6599731445312,610.8699951171875,608.8204956054688,609.5255126953125,3141208,0.0,0.0,0.0
2026-01-20 14:00:00-05:00,609.52001953125,610.1300048828125,608.2999877929688,608.5900268554688,2476640,0.0,0.0,0.0
2026-01-20 14:30:00-05:00,608.5599975585938,609.0280151367188,607.780029296875,608.77001953125,2723396,0.0,0.0,0.0
2026-01-20 15:00:00-05:00,608.7899780273438,608.7899780273438,607.469970703125,607.77001953125,23960190,0.0,0.0,0.0
2026-01-20 15:30:00-05:00,607.7999877929688,608.1300048828125,607.0599975585938,608.0900268554688,5958712,0.0,0.0,0.0
2026-01-21 09:30:00-05:00,609.469970703125,612.9299926757812,607.863525390625,612.5999755859375,7074504,0.0,0.0,0.0
2026-01-21 10:00:00-05:00,612.5999755859375,614.0800170898438,611.8900146484375,613.9044799804688,3397299,0.0,0.0,0.0
2026-01-21 10:30:00-05:00,613.9000244140625,616.489990234375,613.8699951171875,616.0549926757812,3137661,0.0,0.0,0.0
2026-01-21 11:00:00-05:00,616.0499877929688,616.619873046875,615.3900146484375,615.75,2178510,0.0,0.0,0.0
2026-01-21 11:30:00-05:00,615.75,615.7899780273438,610.0999755859375,610.302001953125,4881917,0.0,0.0,0.0
2026-01-21 12:00:00-05:00,610.3099975585938,611.0863037109375,608.219970703125,609.75,3524959,0.0,0.0,0.0
2026-01-21 12:30:00-05:00,609.75,611.0501098632812,608.8499755859375,610.6799926757812,16387924,0.0,0.0,0.0
2026-01-21 13:00:00-05:00,610.6900024414062,610.8402709960938,608.4168701171875,610.4500122070312,2143083,0.0,0.0,0.0
2026-01-21 13:30:00-05:00,610.4600219726562,611.8599853515625,609.72998046875,611.5700073242188,1645104,0.0,0.0,0.0
2026-01-21 14:00:00-05:00,611.5499877929688,615.77001953125,610.3599853515625,615.0800170898438,2862812,0.0,0.0,0.0
2026-01-21 14:30:00-05:00,615.10498046875,620.280029296875,614.8699951171875,620.0900268554688,7069674,0.0,0.0,0.0
2026-01-21 15:00:00-05:00,620.0900268554688,620.4199829101562,616.4400024414062,616.4600830078125,3728043,0.0,0.0,0.0
2026-01-21 15:30:00-05:00,616.4600219726562,617.1900024414062,615.510009765625,616.0999755859375,29833975,0.0,0.0,0.0
2026-01-22 09:30:00-05:00,621.219970703125,621.7799072265625,618.1500244140625,618.8099975585938,8811837,0.0,0.0,0.0
2026-01-22 10:00:00-05:00,618.8200073242188,619.530029296875,617.780029296875,619.0999755859375,2779488,0.0,0.0,0.0
2026-01-22 10:30:00-05:00,619.1300048828125,620.7100219726562,618.6300048828125,619.4400024414062,2207390,0.0,0.0,0.0
2026-01-22 11:00:00-05:00,619.4299926757812,621.3298950195312,619.3900146484375,621.0499877929688,1596458,0.0,0.0,0.0
2026-01-22 11:30:00-05:00,621.010009765625,621.6699829101562,620.72998046875,620.9201049804688,1061014,0.0,0.0,0.0
2026-01-22 12:00:00-05:00,620.9199829101562,621.5399780273438,620.5499877929688,621.1799926757812,981751,0.0,0.0,0.0
2026-01-22 12:30:00-05:00,621.219970703125,622.1900024414062,621.2000122070312,621.969970703125,906690,0.0,0.0,0.0
2026-01-22 13:00:00-05:00,621.9600219726562,622.239990234375,621.280029296875,621.6544799804688,945472,0.0,0.0,0.0
2026-01-22 13:30:00-05:00,621.6500244140625,621.9199829101562,620.9000244140625,621.0499877929688,791152,0.0,0.0,0.0
2026-01-22 14:00:00-05:00,621.030029296875,622.030029296875,621.0,621.9099731445312,733750,0.0,0.0,0.0
2026-01-22 14:30:00-05:00,621.9099731445312,622.0,620.1099853515625,620.239990234375,1136373,0.0,0.0,0.0
2026-01-22 15:00:00-05:00,620.219970703125,620.8250122070312,619.469970703125,619.5,1571791,0.0,0.0,0.0
2026-01-22 15:30:00-05:00,619.47998046875,620.8200073242188,618.9099731445312,620.7849731445312,3243584,0.0,0.0,0.0
2026-01-23 09:30:00-05:00,619.6900024414062,621.1300048828125,618.6500244140625,621.1300048828125,4151843,0.0,0.0,0.0
2026-01-23 10:00:00-05:00,621.0800170898438,623.4600219726562,621.0800170898438,623.0499877929688,3373729,0.0,0.0,0.0
2026-01-23 10:30:00-05:00,623.0700073242188,624.969970703125,623.0299072265625,624.9450073242188,2088334,0.0,0.0,0.0
2026-01-23 11:00:00-05:00,624.9500122070312,625.39990234375,623.8170776367188,624.090087890625,2061369,0.0,0.0,0.0
2026-01-23 11:30:00-05:00,624.0900268554688,624.9600219726562,623.3800048828125,624.0399780273438,1903393,0.0,0.0,0.0
2026-01-23 12:00:00-05:00,624.0499877929688,624.489990234375,623.510009765625,624.260009765625,1018698,0.0,0.0,0.0
2026-01-23 12:30:00-05:00,624.280029296875,624.3099975585938,621.5349731445312,621.780029296875,1946350,0.0,0.0,0.0
2026-01-23 13:00:00-05:00,621.780029296875,623.4879760742188,621.6699829101562,623.2050170898438,1516225,0.0,0.0,0.0
2026-01-23 13:30:00-05:00,623.219970703125,623.4400024414062,622.280029296875,622.5599975585938,1212522,0.0,0.0,0.0
2026-01-23 14:00:00-05:00,622.5700073242188,623.739990234375,622.52001953125,623.0349731445312,1107066,0.0,0.0,0.0
2026-01-23 14:30:00-05:00,623.030029296875,623.3400268554688,622.4099731445312,623.1099853515625,1037707,0.0,0.0,0.0
2026-01-23 15:00:00-05:00,623.0900268554688,623.1799926757812,621.7399291992188,622.2000122070312,14006410,0.0,0.0,0.0
2026-01-23 15:30:00-05:00,622.1950073242188,623.260009765625,621.8599853515625,622.77001953125,3178566,0.0,0.0,0.0
2026-01-26 09:30:00-05:00,623.1900024414062,625.6900024414062,622.1199951171875,625.294921875,4082095,0.0,0.0,0.0
2026-01-26 10:00:00-05:00,625.280029296875,626.4500122070312,624.4550170898438,625.489990234375,5841325,0.0,0.0,0.0
2026-01-26 10:30:00-05:00,625.47998046875,626.75,625.2000122070312,626.3350219726562,1280546,0.0,0.0,0.0
2026-01-26 11:00:00-05:00,626.3300170898438,627.0,625.6199951171875,626.9000244140625,1594387,0.0,0.0,0.0
2026-01-26 11:30:00-05:00,626.9299926757812,627.4400024414062,626.489990234375,626.9349975585938,1312980,0.0,0.0,0.0
2026-01-26 12:00:00-05:00,626.9400024414062,627.6099853515625,626.8599853515625,627.0900268554688,1017256,0.0,0.0,0.0
2026-01-26 12:30:00-05:00,627.0800170898438,627.1599731445312,626.3599853515625,626.5698852539062,805001,0.0,0.0,0.0
2026-01-26 13:00:00-05:00,626.5750122070312,627.1400146484375,626.1701049804688,626.97998046875,1000239,0.0,0.0,0.0
2026-01-26 13:30:00-05:00,626.97998046875,627.5499877929688,626.4600219726562,626.7999877929688,897069,0.0,0.0,0.0
2026-01-26 14:00:00-05:00,626.7899780273438,627.1300048828125,626.4600219726562,626.8200073242188,674124,0.0,0.0,0.0
2026-01-26 14:30:00-05:00,626.7999877929688,627.1099853515625,626.3099975585938,626.3200073242188,778816,0.0,0.0,0.0
2026-01-26 15:00:00-05:00,626.3400268554688,626.5880126953125,626.0499877929688,626.3699951171875,812396,0.0,0.0,0.0
2026-01-26 15:30:00-05:00,626.3800048828125,626.719970703125,625.4000854492188,625.47998046875,17562761,0.0,0.0,0.0
2026-01-27 09:30:00-05:00,628.9000244140625,630.6900024414062,627.3400268554688,630.5599975585938,4412192,0.0,0.0,0.0
2026-01-27 10:00:00-05:00,630.6199951171875,631.0700073242188,629.8499755859375,630.3200073242188,2254141,0.0,0.0,0.0
2026-01-27 10:30:00-05:00,630.3300170898438,631.6400146484375,630.239990234375,631.1702880859375,1725870,0.0,0.0,0.0
2026-01-27 11:00:00-05:00,631.1799926757812,631.8300170898438,631.0399780273438,631.4349975585938,1107387,0.0,0.0,0.0
2026-01-27 11:30:00-05:00,631.469970703125,631.6599731445312,631.1300048828125,631.1900024414062,1053203,0.0,0.0,0.0
2026-01-27 12:00:00-05:00,631.1900024414062,631.405029296875,630.5150146484375,631.2999877929688,1368213,0.0,0.0,0.0
2026-01-27 12:30:00-05:00,631.2899780273438,631.489990234375,630.6900024414062,630.7750244140625,1038262,0.0,0.0,0.0
2026-01-27 13:00:00-05:00,630.780029296875,631.3599853515625,630.219970703125,631.1500244140625,923447,0.0,0.0,0.0
2026-01-27 13:30:00-05:00,631.1500244140625,631.6199951171875,631.1500244140625,631.4699096679688,726129,0.0,0.0,0.0
2026-01-27 14:00:00-05:00,631.4600219726562,631.5700073242188,631.0700073242188,631.5208129882812,1009682,0.0,0.0,0.0
2026-01-27 14:30:00-05:00,631.530029296875,631.6900024414062,631.1799926757812,631.52001953125,832140,0.0,0.0,0.0
2026-01-27 15:00:00-05:00,631.510009765625,632.042724609375,631.3099975585938,631.61767578125,1386531,0.0,0.0,0.0
2026-01-27 15:30:00-05:00,631.5999755859375,631.719970703125,630.9199829101562,631.0800170898438,3045456,0.0,0.0,0.0
2026-01-28 09:30:00-05:00,635.4600219726562,636.5900268554688,634.52001953125,635.4600219726562,5102242,0.0,0.0,0.0
2026-01-28 10:00:00-05:00,635.4400024414062,635.75,634.3699951171875,634.6900024414062,6870065,0.0,0.0,0.0
2026-01-28 10:30:00-05:00,634.6799926757812,635.0599975585938,633.22998046875,633.2999877929688,2270099,0.0,0.0,0.0
2026-01-28 11:00:00-05:00,633.2899780273438,634.1749877929688,632.9849853515625,633.7899780273438,1932909,0.0,0.0,0.0
2026-01-28 11:30:00-05:00,633.7868041992188,633.7868041992188,631.8099975585938,632.2000122070312,9345870,0.0,0.0,0.0
2026-01-28 12:00:00-05:00,632.2000122070312,633.3300170898438,632.1300048828125,632.4199829101562,1414750,0.0,0.0,0.0
2026-01-28 12:30:00-05:00,632.4400024414062,633.3499755859375,632.0399780273438,632.780029296875,1055805,0.0,0.0,0.0
2026-01-28 13:00:00-05:00,632.780029296875,633.5150146484375,632.3300170898438,633.25,859476,0.0,0.0,0.0
2026-01-28 13:30:00-05:00,633.27001953125,633.72998046875,632.9099731445312,633.510009765625,1021781,0.0,0.0,0.0
2026-01-28 14:00:00-05:00,633.4600219726562,634.0900268554688,632.1799926757812,632.3499755859375,1725826,0.0,0.0,0.0
2026-01-28 14:30:00-05:00,632.3499755859375,634.4400024414062,632.0999755859375,633.2520141601562,3210553,0.0,0.0,0.0
2026-01-28 15:00:00-05:00,633.27001953125,634.489990234375,633.0900268554688,633.5899047851562,16496719,0.0,0.0,0.0
2026-01-28 15:30:00-05:00,633.5900268554688,633.9199829101562,632.5900268554688,633.010009765625,2989546,0.0,0.0,0.0
2026-01-29 09:30:00-05:00,632.5800170898438,633.6699829101562,626.0599975585938,626.1799926757812,6601803,0.0,0.0,0.0
2026-01-29 10:00:00-05:00,626.2100219726562,626.27001953125,622.7000122070312,623.1099853515625,5366183,0.0,0.0,0.0
2026-01-29 10:30:00-05:00,623.1199951171875,623.52001953125,618.27001953125,619.260009765625,5161582,0.0,0.0,0.0
2026-01-29 11:00:00-05:00,619.280029296875,622.5900268554688,618.3400268554688,621.8900146484375,5148797,0.0,0.0,0.0
2026-01-29 11:30:00-05:00,621.8800048828125,623.219970703125,621.469970703125,622.52001953125,4114330,0.0,0.0,0.0
2026-01-29 12:00:00-05:00,622.5,625.9299926757812,622.469970703125,625.6199951171875,18404760,0.0,0.0,0.0
2026-01-29 12:30:00-05:00,625.5900268554688,626.5700073242188,623.4600219726562,623.719970703125,39025276,0.0,0.0,0.0
2026-01-29 13:00:00-05:00,623.719970703125,626.1400146484375,623.6799926757812,625.7999877929688,20836806,0.0,0.0,0.0
2026-01-29 13:30:00-05:00,625.7999877929688,626.8499755859375,625.1699829101562,625.5700073242188,2422488,0.0,0.0,0.0
2026-01-29 14:00:00-05:00,625.5700073242188,627.0700073242188,625.1799926757812,626.5800170898438,1310394,0.0,0.0,0.0
2026-01-29 14:30:00-05:00,626.5700073242188,626.77001953125,625.489990234375,625.8400268554688,1956912,0.0,0.0,0.0
2026-01-29 15:00:00-05:00,625.8599853515625,626.6199951171875,625.6699829101562,625.9550170898438,1357841,0.0,0.0,0.0
2026-01-29 15:30:00-05:00,625.9500122070312,629.97998046875,625.789306640625,629.3699951171875,4686305,0.0,0.0,0.0
2026-01-30 09:30:00-05:00,625.719970703125,628.2559814453125,625.030029296875,625.5499877929688,5392432,0.0,0.0,0.0
2026-01-30 10:00:00-05:00,625.530029296875,627.8900146484375,624.6500244140625,624.7598876953125,3457839,0.0,0.0,0.0
2026-01-30 10:30:00-05:00,624.72998046875,625.0999755859375,624.1900024414062,625.02001953125,863780,0.0,0.0,0.0
2026-02-02 14:00:00-05:00,628.1599731445312,628.4000244140625,627.780517578125,627.8499755859375,9684229,0.0,0.0,0.0
2026-02-02 14:30:00-05:00,627.8350219726562,627.85498046875,625.9199829101562,626.0399780273438,15944737,0.0,0.0,0.0
2026-02-02 15:00:00-05:00,626.030029296875,627.3300170898438,625.4224853515625,626.4749755859375,1341237,0.0,0.0,0.0
2026-02-02 15:30:00-05:00,626.4500122070312,626.5599975585938,625.6602783203125,626.219970703125,3979000,0.0,0.0,0.0
2026-02-03 09:30:00-05:00,628.2349853515625,629.97998046875,620.7481079101562,620.9600219726562,6691633,0.0,0.0,0.0
2026-02-03 10:00:00-05:00,620.97998046875,621.2999877929688,617.0800170898438,618.9199829101562,6091168,0.0,0.0,0.0
2026-02-03 10:30:00-05:00,618.9000244140625,620.9500122070312,617.3499755859375,620.5999755859375,12034308,0.0,0.0,0.0
2026-02-03 11:00:00-05:00,620.6300048828125,620.6500244140625,617.6199951171875,617.6799926757812,2709380,0.0,0.0,0.0
2026-02-03 11:30:00-05:00,617.7000122070312,618.5999755859375,617.02001953125,617.5599975585938,2605807,0.0,0.0,0.0
2026-02-03 12:00:00-05:00,617.5700073242188,617.8200073242188,615.3699951171875,615.719970703125,3310011,0.0,0.0,0.0
2026-02-03 12:30:00-05:00,615.6799926757812,616.0,614.010009765625,615.0499877929688,2830564,0.0,0.0,0.0
2026-02-03 13:00:00-05:00,614.989990234375,615.9099731445312,613.260009765625,613.7100219726562,2838214,0.0,0.0,0.0
2026-02-03 13:30:00-05:00,613.6699829101562,613.6799926757812,611.6099853515625,611.6099853515625,2522702,0.0,0.0,0.0
2026-02-03 14:00:00-05:00,611.5999755859375,614.3599853515625,610.9600219726562,612.8400268554688,4015181,0.0,0.0,0.0
2026-02-03 14:30:00-05:00,612.7899780273438,613.64501953125,611.3499755859375,613.3499755859375,2400641,0.0,0.0,0.0
2026-02-03 15:00:00-05:00,613.3300170898438,613.9899291992188,612.2100219726562,613.6849975585938,2624631,0.0,0.0,0.0
2026-02-03 15:30:00-05:00,613.6900024414062,616.77001953125,613.6599731445312,616.4500122070312,5908452,0.0,0.0,0.0
2026-02-04 09:30:00-05:00,614.7999877929688,615.0999755859375,610.2100830078125,610.4400024414062,5697707,0.0,0.0,0.0
2026-02-04 10:00:00-05:00,610.3300170898438,613.1300048828125,608.2899780273438,611.719970703125,5841049,0.0,0.0,0.0
2026-02-04 10:30:00-05:00,611.72998046875,612.260009765625,608.6099853515625,609.3900146484375,3540431,0.0,0.0,0.0
2026-02-04 11:00:00-05:00,609.4000244140625,609.8499755859375,606.7249755859375,608.8599853515625,3700642,0.0,0.0,0.0
2026-02-04 11:30:00-05:00,608.9099731445312,609.010009765625,603.969970703125,606.5900268554688,3244238,0.0,0.0,0.0
2026-02-04 12:00:00-05:00,606.5499877929688,607.0900268554688,602.6799926757812,603.0,2760445,0.0,0.0,0.0
2026-02-04 12:30:00-05:00,603.0,604.4000244140625,600.469970703125,602.6900024414062,3205142,0.0,0.0,0.0
2026-02-04 13:00:00-05:00,602.6799926757812,604.530029296875,601.3499755859375,604.3400268554688,2427743,0.0,0.0,0.0
2026-02-04 13:30:00-05:00,604.3400268554688,604.719970703125,601.7100219726562,603.8699951171875,1999958,0.0,0.0,0.0
2026-02-04 14:00:00-05:00,603.8800048828125,604.9199829101562,602.4400024414062,604.8400268554688,25314019,0.0,0.0,0.0
2026-02-04 14:30:00-05:00,604.8200073242188,608.5499877929688,604.75,608.3150024414062,3306636,0.0,0.0,0.0
2026-02-04 15:00:00-05:00,608.3099975585938,608.6300048828125,606.22998046875,607.2000122070312,2310899,0.0,0.0,0.0
2026-02-04 15:30:00-05:00,607.1799926757812,608.1300048828125,605.2100219726562,605.6199951171875,4289470,0.0,0.0,0.0
2026-02-05 09:30:00-05:00,600.2100219726562,604.8099975585938,597.3499755859375,600.22998046875,9057391,0.0,0.0,0.0
2026-02-05 10:00:00-05:00,600.219970703125,601.0,594.9199829101562,595.5900268554688,6023731,0.0,0.0,0.0
2026-02-05 10:30:00-05:00,595.5800170898438,598.5399780273438,594.989990234375,596.9500122070312,5149600,0.0,0.0,0.0
2026-02-05 11:00:00-05:00,596.9600219726562,600.5499877929688,594.77001953125,600.4500122070312,4709091,0.0,0.0,0.0
2026-02-05 11:30:00-05:00,600.4600219726562,602.3099975585938,599.27001953125,601.6727294921875,3526089,0.0,0.0,0.0
2026-02-05 12:00:00-05:00,601.6500244140625,602.5,599.0709838867188,601.8599853515625,1985063,0.0,0.0,0.0
2026-02-05 12:30:00-05:00,601.8800048828125,603.0499877929688,600.1699829101562,600.5499877929688,2068076,0.0,0.0,0.0
2026-02-05 13:00:00-05:00,600.489990234375,601.75,598.77001953125,599.3099975585938,2700763,0.0,0.0,0.0
2026-02-05 13:30:00-05:00,599.27001953125,600.260009765625,597.5900268554688,598.52001953125,25019557,0.0,0.0,0.0
2026-02-05 14:00:00-05:00,598.5,601.8599853515625,598.1599731445312,600.0700073242188,51643328,0.0,0.0,0.0
2026-02-05 14:30:00-05:00,600.0700073242188,600.0700073242188,597.8499755859375,598.739990234375,1820272,0.0,0.0,0.0
2026-02-05 15:00:00-05:00,598.7999877929688,601.10498046875,596.8400268554688,597.0,3734951,0.0,0.0,0.0
2026-02-05 15:30:00-05:00,596.97998046875,597.8900146484375,595.2899780273438,597.0800170898438,5143623,0.0,0.0,0.0
2026-02-06 09:30:00-05:00,600.2000122070312,605.6099853515625,598.77001953125,602.47998046875,8832062,0.0,0.0,0.0
2026-02-06 10:00:00-05:00,602.4600219726562,603.9500122070312,599.77001953125,603.6400146484375,5664785,0.0,0.0,0.0
2026-02-06 10:30:00-05:00,603.6500244140625,604.6900024414062,602.5800170898438,603.4650268554688,3912073,0.0,0.0,0.0
2026-02-06 11:00:00-05:00,603.4600219726562,606.8499755859375,603.0999755859375,606.1300048828125,3424991,0.0,0.0,0.0
2026-02-06 11:30:00-05:00,606.1199951171875,607.22998046875,605.4600219726562,606.010009765625,2839757,0.0,0.0,0.0
2026-02-06 12:00:00-05:00,606.010009765625,607.7886962890625,605.6699829101562,607.6799926757812,34326040,0.0,0.0,0.0
2026-02-06 12:30:00-05:00,607.6900024414062,608.6199951171875,606.9099731445312,608.2349853515625,2172641,0.0,0.0,0.0
2026-02-06 13:00:00-05:00,608.25,608.989990234375,607.8200073242188,608.1849975585938,2184361,0.0,0.0,0.0
2026-02-06 13:30:00-05:00,608.1799926757812,608.6699829101562,607.97998046875,608.0700073242188,1738956,0.0,0.0,0.0
2026-02-06 14:00:00-05:00,608.0599975585938,608.619873046875,607.6099853515625,608.5700073242188,21139082,0.0,0.0,0.0
2026-02-06 14:30:00-05:00,608.5599975585938,608.6400146484375,607.6901245117188,607.7100219726562,1411234,0.0,0.0,0.0
2026-02-06 15:00:00-05:00,607.7100219726562,609.0900268554688,607.3599853515625,608.6900024414062,2354036,0.0,0.0,0.0
2026-02-06 15:30:00-05:00,608.6799926757812,611.4099731445312,608.4600219726562,609.6300048828125,6613446,0.0,0.0,0.0
2026-02-09 09:30:00-05:00,607.5399780273438,610.7000122070312,605.0700073242188,608.8599853515625,6625168,0.0,0.0,0.0
2026-02-09 10:00:00-05:00,608.8099975585938,612.239990234375,608.6300048828125,610.510009765625,3731181,0.0,0.0,0.0
2026-02-09 10:30:00-05:00,610.530029296875,614.0499877929688,610.489990234375,613.6500244140625,2635103,0.0,0.0,0.0
2026-02-09 11:00:00-05:00,613.6400146484375,614.75,613.5001220703125,614.7100219726562,2040244,0.0,0.0,0.0
2026-02-09 11:30:00-05:00,614.7000122070312,615.8900146484375,614.3300170898438,615.5800170898438,1793607,0.0,0.0,0.0
2026-02-09 12:00:00-05:00,615.5499877929688,616.1900024414062,615.280029296875,615.3900146484375,1625492,0.0,0.0,0.0
2026-02-09 12:30:00-05:00,615.405029296875,615.8099975585938,614.5999755859375,614.72998046875,1297445,0.0,0.0,0.0
2026-02-09 13:00:00-05:00,614.719970703125,615.3599853515625,613.6799926757812,614.4000244140625,2242611,0.0,0.0,0.0
2026-02-09 13:30:00-05:00,614.4000244140625,615.52001953125,614.1199951171875,615.0700073242188,1596125,0.0,0.0,0.0
2026-02-09 14:00:00-05:00,615.0599975585938,616.3599853515625,614.9400024414062,616.2550048828125,1920099,0.0,0.0,0.0
2026-02-09 14:30:00-05:00,616.25,616.4600219726562,615.75,615.7700805664062,1073455,0.0,0.0,0.0
2026-02-09 15:00:00-05:00,615.780029296875,616.1099853515625,614.7100219726562,614.9299926757812,2023133,0.0,0.0,0.0
2026-02-09 15:30:00-05:00,614.9199829101562,615.619873046875,614.2100219726562,614.3200073242188,4154907,0.0,0.0,0.0
2026-02-10 09:30:00-05:00,615.3049926757812,616.1400146484375,612.4000244140625,615.72998046875,7177541,0.0,0.0,0.0
2026-02-10 10:00:00-05:00,615.6900024414062,617.02001953125,614.8699951171875,615.9299926757812,4219976,0.0,0.0,0.0
2026-02-10 10:30:00-05:00,615.9099731445312,616.7999877929688,614.6400146484375,615.27001953125,2513713,0.0,0.0,0.0
2026-02-10 11:00:00-05:00,615.2899780273438,615.8900146484375,614.239990234375,614.6900024414062,2532835,0.0,0.0,0.0
2026-02-10 11:30:00-05:00,614.6500244140625,615.0700073242188,613.875,614.1400146484375,1928554,0.0,0.0,0.0
2026-02-10 12:00:00-05:00,614.1199951171875,615.530029296875,613.6099853515625,615.0900268554688,1733046,0.0,0.0,0.0
2026-02-10 12:30:00-05:00,615.0800170898438,615.8300170898438,614.760009765625,615.489990234375,1181180,0.0,0.0,0.0
2026-02-10 13:00:00-05:00,615.47998046875,615.510009765625,613.2100219726562,613.2899780273438,11290046,0.0,0.0,0.0
2026-02-10 13:30:00-05:00,613.280029296875,614.030029296875,612.7999877929688,613.7899780273438,2119518,0.0,0.0,0.0
2026-02-10 14:00:00-05:00,613.7899780273438,614.030029296875,612.8900146484375,613.469970703125,1336011,0.0,0.0,0.0
2026-02-10 14:30:00-05:00,613.489990234375,613.7899780273438,612.8699951171875,613.3599853515625,1337349,0.0,0.0,0.0
2026-02-10 15:00:00-05:00,613.3400268554688,613.4000244140625,612.1300048828125,612.364990234375,16229961,0.0,0.0,0.0
2026-02-10 15:30:00-05:00,612.3499755859375,612.7100219726562,611.010009765625,611.489990234375,4347430,0.0,0.0,0.0
2026-02-11 09:30:00-05:00,616.3980102539062,617.52001953125,613.2999877929688,613.6300048828125,5859283,0.0,0.0,0.0
2026-02-11 10:00:00-05:00,613.6599731445312,614.5598754882812,607.6900024414062,608.1099853515625,5560205,0.0,0.0,0.0
2026-02-11 10:30:00-05:00,608.1500244140625,612.8499755859375,607.9500122070312,612.219970703125,4268686,0.0,0.0,0.0
2026-02-11 11:00:00-05:00,612.219970703125,612.9299926757812,610.6900024414062,610.9600219726562,3145523,0.0,0.0,0.0
2026-02-11 11:30:00-05:00,610.9600219726562,612.47998046875,610.530029296875,610.6799926757812,1967391,0.0,0.0,0.0
2026-02-11 12:00:00-05:00,610.6599731445312,613.4600219726562,609.7349853515625,613.27001953125,14224302,0.0,0.0,0.0
2026-02-11 12:30:00-05:00,613.280029296875,614.1099853515625,612.4600219726562,612.6774291992188,1577786,0.0,0.0,0.0
2026-02-11 13:00:00-05:00,612.6799926757812,613.0650024414062,611.1599731445312,612.9749755859375,1955759,0.0,0.0,0.0
2026-02-11 13:30:00-05:00,612.97998046875,613.8400268554688,612.4500122070312,613.5750122070312,15604932,0.0,0.0,0.0
2026-02-11 14:00:00-05:00,613.5700073242188,614.97998046875,612.5399780273438,614.6900024414062,1870600,0.0,0.0,0.0
2026-02-11 14:30:00-05:00,614.7000122070312,614.8800048828125,613.0900268554688,613.7634887695312,1769783,0.0,0.0,0.0
2026-02-11 15:00:00-05:00,613.739990234375,614.0650024414062,613.1500244140625,613.1500244140625,1345416,0.0,0.0,0.0
2026-02-11 15:30:00-05:00,613.1500244140625,614.0499877929688,612.8499755859375,612.97998046875,3121736,0.0,0.0,0.0
2026-02-12 09:30:00-05:00,614.7030029296875,615.8099975585938,610.8599853515625,611.4000244140625,10007749,0.0,0.0,0.0
2026-02-12 10:00:00-05:00,611.4000244140625,612.6400146484375,610.469970703125,611.97998046875,2667655,0.0,0.0,0.0
2026-02-12 10:30:00-05:00,611.97998046875,612.47998046875,606.530029296875,606.6099853515625,10434488,0.0,0.0,0.0
2026-02-12 11:00:00-05:00,606.6300048828125,607.1099853515625,601.7999877929688,601.9400024414062,6446302,0.0,0.0,0.0
2026-02-12 11:30:00-05:00,601.9450073242188,604.4299926757812,601.6500244140625,603.4400024414062,5564269,0.0,0.0,0.0
2026-02-12 12:00:00-05:00,603.4099731445312,604.52001953125,602.3300170898438,603.280029296875,3240709,0.0,0.0,0.0
2026-02-12 12:30:00-05:00,603.2100219726562,604.9199829101562,602.0900268554688,602.1199951171875,2287690,0.0,0.0,0.0
2026-02-12 13:00:00-05:00,602.1199951171875,603.469970703125,601.5399780273438,602.510009765625,2541877,0.0,0.0,0.0
2026-02-12 13:30:00-05:00,602.5399780273438,604.6300048828125,602.1099853515625,604.0549926757812,2180571,0.0,0.0,0.0
2026-02-12 14:00:00-05:00,604.0499877929688,604.5999755859375,602.6099853515625,603.25,2150318,0.0,0.0,0.0
2026-02-12 14:30:00-05:00,603.2000122070312,604.962890625,603.2000122070312,603.8800048828125,2482906,0.0,0.0,0.0
2026-02-12 15:00:00-05:00,603.8800048828125,604.2100219726562,601.4099731445312,601.5850219726562,48011706,0.0,0.0,0.0
2026-02-12 15:30:00-05:00,601.5800170898438,602.2949829101562,599.5698852539062,600.5599975585938,6344966,0.0,0.0,0.0
2026-02-13 09:30:00-05:00,600.2249755859375,602.9600219726562,596.4199829101562,599.3400268554688,8556512,0.0,0.0,0.0
2026-02-13 10:00:00-05:00,599.219970703125,603.469970703125,599.1699829101562,602.9500122070312,2833622,0.0,0.0,0.0
2026-02-13 10:30:00-05:00,602.9400024414062,604.9000244140625,599.8400268554688,602.030029296875,2799264,0.0,0.0,0.0
2026-02-13 11:00:00-05:00,602.030029296875,603.8787841796875,600.8699951171875,603.0098876953125,2221667,0.0,0.0,0.0
2026-02-13 11:30:00-05:00,602.97998046875,605.0,602.0,604.0399780273438,2065131,0.0,0.0,0.0
2026-02-13 12:00:00-05:00,604.010009765625,605.8400268554688,603.780029296875,605.3599853515625,1922475,0.0,0.0,0.0
2026-02-13 12:30:00-05:00,605.3800048828125,606.4299926757812,604.9500122070312,605.0999755859375,1703565,0.0,0.0,0.0
2026-02-13 13:00:00-05:00,605.1199951171875,606.3800048828125,604.1900024414062,605.489990234375,2129346,0.0,0.0,0.0
2026-02-13 13:30:00-05:00,605.510009765625,606.469970703125,604.75,605.1599731445312,1562094,0.0,0.0,0.0
2026-02-13 14:00:00-05:00,605.1300048828125,605.8099975585938,604.461181640625,604.760009765625,23310730,0.0,0.0,0.0
2026-02-13 14:30:00-05:00,604.75,605.3499755859375,602.9299926757812,603.02001953125,1375426,0.0,0.0,0.0
2026-02-13 15:00:00-05:00,603.02001953125,603.9199829101562,600.6300048828125,600.89990234375,2475364,0.0,0.0,0.0
2026-02-13 15:30:00-05:00,600.8900146484375,601.9949951171875,600.0900268554688,601.8200073242188,4608444,0.0,0.0,0.0
2026-02-17 09:30:00-05:00,598.3900146484375,602.1900024414062,593.969970703125,594.1599731445312,6453064,0.0,0.0,0.0
2026-02-17 10:00:00-05:00,594.1599731445312,597.9500122070312,593.7000122070312,595.2000122070312,4009767,0.0,0.0,0.0
2026-02-17 10:30:00-05:00,595.1699829101562,597.0599975585938,593.3400268554688,596.989990234375,3821639,0.0,0.0,0.0
2026-02-17 11:00:00-05:00,596.9600219726562,601.6901245117188,596.8049926757812,600.0599975585938,4048982,0.0,0.0,0.0
2026-02-17 11:30:00-05:00,600.030029296875,601.489990234375,599.219970703125,600.8300170898438,2730804,0.0,0.0,0.0
2026-02-17 12:00:00-05:00,600.8099975585938,600.9600219726562,598.6500244140625,600.7100219726562,2236717,0.0,0.0,0.0
2026-02-17 12:30:00-05:00,600.719970703125,600.8300170898438,597.1900024414062,599.3330078125,2382570,0.0,0.0,0.0
2026-02-17 13:00:00-05:00,599.3400268554688,601.4450073242188,598.1599731445312,601.0349731445312,2696413,0.0,0.0,0.0
2026-02-17 13:30:00-05:00,601.0599975585938,603.5700073242188,600.5999755859375,602.8900146484375,2588842,0.0,0.0,0.0
2026-02-17 14:00:00-05:00,602.8900146484375,603.4099731445312,602.4400024414062,602.6900024414062,1858824,0.0,0.0,0.0
2026-02-17 14:30:00-05:00,602.6799926757812,603.9500122070312,601.9949951171875,602.1799926757812,1899922,0.0,0.0,0.0
2026-02-17 15:00:00-05:00,602.1699829101562,602.8200073242188,600.989990234375,601.16162109375,2323048,0.0,0.0,0.0
2026-02-17 15:30:00-05:00,601.1599731445312,601.7000122070312,600.25,601.1900024414062,3950826,0.0,0.0,0.0
2026-02-18 09:30:00-05:00,602.1099853515625,605.6900024414062,600.719970703125,605.25,6343116,0.0,0.0,0.0
2026-02-18 10:00:00-05:00,605.25,608.4600219726562,605.1799926757812,608.0700073242188,17162006,0.0,0.0,0.0
2026-02-18 10:30:00-05:00,608.0599975585938,609.0700073242188,607.2000122070312,608.7750244140625,2509933,0.0,0.0,0.0
2026-02-18 11:00:00-05:00,608.780029296875,609.47998046875,608.5599975585938,608.9400024414062,2115819,0.0,0.0,0.0
2026-02-18 11:30:00-05:00,608.9400024414062,609.5,608.0900268554688,608.1799926757812,1929238,0.0,0.0,0.0
2026-02-18 12:00:00-05:00,608.1799926757812,609.77099609375,608.1099853515625,608.8699951171875,1779908,0.0,0.0,0.0
2026-02-18 12:30:00-05:00,608.8590698242188,609.4400024414062,608.3699951171875,609.0499877929688,1262007,0.0,0.0,0.0
2026-02-18 13:00:00-05:00,609.0399780273438,609.760009765625,607.9299926757812,608.219970703125,1593770,0.0,0.0,0.0
2026-02-18 13:30:00-05:00,608.22998046875,608.52001953125,606.260009765625,607.375,2057069,0.0,0.0,0.0
2026-02-18 14:00:00-05:00,607.2899780273438,607.5700073242188,606.3699951171875,606.510009765625,1924532,0.0,0.0,0.0
2026-02-18 14:30:00-05:00,606.510009765625,606.7000122070312,603.405029296875,603.9000244140625,3395509,0.0,0.0,0.0
2026-02-18 15:00:00-05:00,603.9099731445312,604.8200073242188,603.25,603.7324829101562,2550215,0.0,0.0,0.0
2026-02-18 15:30:00-05:00,603.72998046875,606.6749877929688,603.6199951171875,605.6699829101562,4078267,0.0,0.0,0.0
2026-02-19 09:30:00-05:00,602.8099975585938,604.8800048828125,601.0999755859375,603.9202880859375,5522094,0.0,0.0,0.0
2026-02-19 10:00:00-05:00,603.9400024414062,605.6199951171875,603.1500244140625,603.4099731445312,3039658,0.0,0.0,0.0
2026-02-19 10:30:00-05:00,603.3900146484375,605.4498901367188,603.1900024414062,604.9425048828125,2412267,0.0,0.0,0.0
2026-02-19 11:00:00-05:00,604.969970703125,605.8150024414062,603.239990234375,603.75,2400127,0.0,0.0,0.0
2026-02-19 11:30:00-05:00,603.760009765625,604.8699951171875,602.0250244140625,603.030029296875,2490036,0.0,0.0,0.0
2026-02-19 12:00:00-05:00,603.0399780273438,604.489990234375,602.22998046875,603.4299926757812,1941410,0.0,0.0,0.0
2026-02-19 12:30:00-05:00,603.4299926757812,603.6900024414062,601.1400146484375,601.489990234375,7164168,0.0,0.0,0.0
2026-02-19 13:00:00-05:00,601.510009765625,602.9199829101562,600.760009765625,601.7050170898438,2367150,0.0,0.0,0.0
2026-02-19 13:30:00-05:00,601.6900024414062,603.1500244140625,601.1599731445312,603.0,17477297,0.0,0.0,0.0
2026-02-19 14:00:00-05:00,602.9600219726562,603.1500244140625,601.8300170898438,602.1900024414062,1289760,0.0,0.0,0.0
2026-02-19 14:30:00-05:00,602.1799926757812,602.5800170898438,600.8200073242188,601.5599975585938,1970902,0.0,0.0,0.0
2026-02-19 15:00:00-05:00,601.530029296875,602.47900390625,601.4299926757812,601.6799926757812,1657112,0.0,0.0,0.0
2026-02-19 15:30:00-05:00,601.6599731445312,603.5399780273438,601.5499877929688,603.47998046875,3406062,0.0,0.0,0.0
2026-02-20 09:30:00-05:00,600.1099853515625,605.9400024414062,599.22998046875,604.5698852539062,5265689,0.0,0.0,0.0
2026-02-20 10:00:00-05:00,604.5700073242188,608.9600219726562,603.5700073242188,606.3499755859375,4743573,0.0,0.0,0.0
2026-02-20 10:30:00-05:00,606.3900146484375,610.0399780273438,604.7899780273438,609.8599853515625,3415921,0.0,0.0,0.0
2026-02-20 11:00:00-05:00,609.8200073242188,610.3499755859375,606.4124755859375,606.47998046875,5132418,0.0,0.0,0.0
2026-02-20 11:30:00-05:00,606.469970703125,610.1165161132812,606.22998046875,609.3599853515625,2183719,0.0,0.0,0.0
2026-02-20 12:00:00-05:00,609.3599853515625,609.6199951171875,604.0800170898438,605.239990234375,3045819,0.0,0.0,0.0
2026-02-20 12:30:00-05:00,605.260009765625,608.030029296875,604.9000244140625,607.8200073242188,2976463,0.0,0.0,0.0
2026-02-20 13:00:00-05:00,607.8099975585938,608.0800170898438,605.27001953125,606.1099853515625,1902941,0.0,0.0,0.0
2026-02-20 13:30:00-05:00,606.1699829101562,609.9000244140625,605.3099975585938,609.2899780273438,2631023,0.0,0.0,0.0
2026-02-20 14:00:00-05:00,609.3699951171875,609.8099975585938,607.905029296875,608.27197265625,1909319,0.0,0.0,0.0
2026-02-20 14:30:00-05:00,608.280029296875,608.8400268554688,607.4099731445312,607.5,1353543,0.0,0.0,0.0
2026-02-20 15:00:00-05:00,607.5150146484375,608.8300170898438,607.3200073242188,607.469970703125,31679247,0.0,0.0,0.0
2026-02-20 15:30:00-05:00,607.489990234375,608.8699951171875,607.4000244140625,608.8699951171875,2341129,0.0,0.0,0.0
2026-02-23 09:30:00-05:00,606.6270141601562,608.010009765625,603.5900268554688,604.9600219726562,9475205,0.0,0.0,0.0
2026-02-23 10:00:00-05:00,604.9299926757812,605.875,603.2249755859375,603.97998046875,2677365,0.0,0.0,0.0
2026-02-23 10:30:00-05:00,603.969970703125,604.6649780273438,600.75,600.8599853515625,10345438,0.0,0.0,0.0
2026-02-23 11:00:00-05:00,600.8599853515625,601.72998046875,599.0499877929688,601.6699829101562,15332888,0.0,0.0,0.0
2026-02-23 11:30:00-05:00,601.6599731445312,601.9500122070312,600.469970703125,600.6599731445312,13446899,0.0,0.0,0.0
2026-02-23 12:00:00-05:00,600.6599731445312,601.3300170898438,600.4299926757812,600.8400268554688,15427639,0.0,0.0,0.0
2026-02-23 12:30:00-05:00,600.8400268554688,601.1500244140625,599.280029296875,600.885009765625,28999548,0.0,0.0,0.0
2026-02-23 13:00:00-05:00,600.8699951171875,602.7000732421875,600.75,602.4550170898438,16182313,0.0,0.0,0.0
2026-02-23 13:30:00-05:00,602.4500122070312,602.6799926757812,600.2999877929688,600.469970703125,1631396,0.0,0.0,0.0
2026-02-23 14:00:00-05:00,600.469970703125,601.1400146484375,600.0399780273438,600.1699829101562,36892651,0.0,0.0,0.0
2026-02-23 14:30:00-05:00,600.1599731445312,600.5399780273438,599.4199829101562,599.593505859375,1713945,0.0,0.0,0.0
2026-02-23 15:00:00-05:00,599.5999755859375,600.1599731445312,599.3098754882812,599.969970703125,1869464,0.0,0.0,0.0
2026-02-23 15:30:00-05:00,599.969970703125,601.5311889648438,599.9299926757812,601.4199829101562,3920156,0.0,0.0,0.0
2026-02-24 09:30:00-05:00,602.0549926757812,606.219970703125,599.7390747070312,604.114990234375,16492466,0.0,0.0,0.0
2026-02-24 10:00:00-05:00,604.0800170898438,607.4299926757812,602.75,607.3800048828125,9639193,0.0,0.0,0.0
2026-02-24 10:30:00-05:00,607.3599853515625,607.8300170898438,606.3099975585938,606.5250244140625,12926698,0.0,0.0,0.0
2026-02-24 11:00:00-05:00,606.510009765625,608.2100219726562,606.4749755859375,607.4400024414062,23681065,0.0,0.0,0.0
2026-02-24 11:30:00-05:00,607.4199829101562,608.0482788085938,606.3499755859375,607.77001953125,15413381,0.0,0.0,0.0
2026-02-24 12:00:00-05:00,607.760009765625,608.9099731445312,607.5999755859375,608.5399780273438,1491035,0.0,0.0,0.0
2026-02-24 12:30:00-05:00,608.530029296875,608.760009765625,607.869873046875,608.1900024414062,1147988,0.0,0.0,0.0
2026-02-24 13:00:00-05:00,608.1799926757812,608.989990234375,607.4564819335938,607.5596923828125,1400965,0.0,0.0,0.0
2026-02-24 13:30:00-05:00,607.5599975585938,608.3099975585938,607.3800048828125,607.7999877929688,1473638,0.0,0.0,0.0
2026-02-24 14:00:00-05:00,607.780029296875,607.9893798828125,606.8099975585938,607.1599731445312,19697546,0.0,0.0,0.0
2026-02-24 14:30:00-05:00,607.1500244140625,608.4000244140625,607.0900268554688,607.5999755859375,1463196,0.0,0.0,0.0
2026-02-24 15:00:00-05:00,607.614990234375,607.780029296875,607.0,607.0700073242188,42451744,0.0,0.0,0.0
2026-02-24 15:30:00-05:00,607.0700073242188,608.8200073242188,606.969970703125,607.8400268554688,2837072,0.0,0.0,0.0
2026-02-25 09:30:00-05:00,611.0900268554688,615.659912109375,611.0,615.47998046875,7272026,0.0,0.0,0.0
2026-02-25 10:00:00-05:00,615.469970703125,615.8900146484375,614.0700073242188,615.260009765625,3008310,0.0,0.0,0.0
2026-02-25 10:30:00-05:00,615.260009765625,615.4400024414062,613.6099853515625,614.3350219726562,20522237,0.0,0.0,0.0
2026-02-25 11:00:00-05:00,614.3400268554688,614.7000122070312,614.0499877929688,614.469970703125,12692038,0.0,0.0,0.0
2026-02-25 11:30:00-05:00,614.4600219726562,615.239990234375,614.3101196289062,614.8699951171875,26071594,0.0,0.0,0.0
2026-02-25 12:00:00-05:00,614.8699951171875,615.4600219726562,614.7449951171875,614.97998046875,1023659,0.0,0.0,0.0
2026-02-25 12:30:00-05:00,614.9650268554688,615.780029296875,614.8300170898438,615.739990234375,29505448,0.0,0.0,0.0
2026-02-25 13:00:00-05:00,615.7459716796875,615.8300170898438,615.3499755859375,615.4149780273438,16523939,0.0,0.0,0.0
2026-02-25 13:30:00-05:00,615.4199829101562,615.8200073242188,615.30029296875,615.7100219726562,32845106,0.0,0.0,0.0
2026-02-25 14:00:00-05:00,615.7000122070312,616.35498046875,615.6849975585938,616.1849975585938,1363283,0.0,0.0,0.0
2026-02-25 14:30:00-05:00,616.1799926757812,616.3599853515625,616.040283203125,616.1300048828125,1112746,0.0,0.0,0.0
2026-02-25 15:00:00-05:00,616.1300048828125,616.3200073242188,615.9349975585938,616.10498046875,20788734,0.0,0.0,0.0
2026-02-25 15:30:00-05:00,616.1099853515625,616.8300170898438,615.7550048828125,616.52001953125,25027542,0.0,0.0,0.0
2026-02-26 09:30:00-05:00,615.489990234375,615.530029296875,611.730712890625,611.97998046875,7977712,0.0,0.0,0.0
2026-02-26 10:00:00-05:00,611.97998046875,612.3900146484375,604.5499877929688,605.7000122070312,22865036,0.0,0.0,0.0
2026-02-26 10:30:00-05:00,605.7100219726562,607.9500122070312,603.97998046875,607.2949829101562,22536873,0.0,0.0,0.0
2026-02-26 11:00:00-05:00,607.2999877929688,609.35498046875,606.969970703125,608.719970703125,39496822,0.0,0.0,0.0
2026-02-26 11:30:00-05:00,608.7249755859375,608.969970703125,606.1854858398438,606.4099731445312,23418877,0.0,0.0,0.0
2026-02-26 12:00:00-05:00,606.4099731445312,607.5150146484375,606.1699829101562,606.52001953125,24568679,0.0,0.0,0.0
2026-02-26 12:30:00-05:00,606.510009765625,607.47998046875,605.1849975585938,605.719970703125,25560317,0.0,0.0,0.0
2026-02-26 13:00:00-05:00,605.719970703125,605.8200073242188,604.5399780273438,605.3599853515625,26114417,0.0,0.0,0.0
2026-02-26 13:30:00-05:00,605.3699951171875,608.030029296875,605.0700073242188,607.3099975585938,4405798,0.0,0.0,0.0
2026-02-26 14:00:00-05:00,607.3300170898438,609.3599853515625,607.010009765625,608.4492797851562,2831596,0.0,0.0,0.0
2026-02-26 14:30:00-05:00,608.4450073242188,609.6599731445312,608.2349853515625,608.7999877929688,2056548,0.0,0.0,0.0
2026-02-26 15:00:00-05:00,608.780029296875,609.5399780273438,607.8699951171875,607.969970703125,2341327,0.0,0.0,0.0
2026-02-26 15:30:00-05:00,607.9650268554688,609.3400268554688,607.9299926757812,609.260009765625,3032939,0.0,0.0,0.0
2026-02-27 09:30:00-05:00,602.9500122070312,605.9550170898438,602.1900024414062,604.5700073242188,11527864,0.0,0.0,0.0
2026-02-27 10:00:00-05:00,604.5399780273438,607.4000244140625,604.22998046875,606.780029296875,10265706,0.0,0.0,0.0
2026-02-27 10:30:00-05:00,606.77001953125,607.9000244140625,605.6300048828125,607.0700073242188,19715487,0.0,0.0,0.0
2026-02-27 11:00:00-05:00,607.0800170898438,607.969970703125,606.10009765625,606.6950073242188,3309212,0.0,0.0,0.0
2026-02-27 11:30:00-05:00,606.7050170898438,607.7000122070312,605.8200073242188,606.7100219726562,2821252,0.0,0.0,0.0
2026-02-27 12:00:00-05:00,606.7100219726562,608.3200073242188,605.0399780273438,606.3150024414062,3420791,0.0,0.0,0.0
2026-02-27 12:30:00-05:00,606.3200073242188,607.2899780273438,605.3900146484375,606.1300048828125,2388312,0.0,0.0,0.0
2026-02-27 13:00:00-05:00,606.1300048828125,606.369873046875,604.4500122070312,605.3300170898438,29675173,0.0,0.0,0.0
2026-02-27 13:30:00-05:00,605.3200073242188,605.7999877929688,604.7000122070312,605.1099853515625,1126421,0.0,0.0,0.0
2026-02-27 14:00:00-05:00,605.0999755859375,606.47998046875,605.0,605.2000122070312,1597079,0.0,0.0,0.0
2026-02-27 14:30:00-05:00,605.2100219726562,605.489990234375,604.4199829101562,604.9299926757812,17494930,0.0,0.0,0.0
2026-02-27 15:00:00-05:00,604.8800048828125,607.5399780273438,604.8699951171875,606.9249877929688,2844843,0.0,0.0,0.0
2026-02-27 15:30:00-05:00,606.9099731445312,608.02001953125,605.5750122070312,607.35498046875,45959975,0.0,0.0,0.0
2026-03-02 09:30:00-05:00,598.9299926757812,605.0700073242188,597.989990234375,604.1201171875,10678947,0.0,0.0,0.0
2026-03-02 10:00:00-05:00,604.1699829101562,606.260009765625,602.77001953125,604.6799926757812,11335462,0.0,0.0,0.0
2026-03-02 10:30:00-05:00,604.6300048828125,606.47998046875,603.719970703125,605.6849975585938,12202824,0.0,0.0,0.0
2026-03-02 11:00:00-05:00,605.6799926757812,607.27001953125,603.9600219726562,604.3200073242188,34600146,0.0,0.0,0.0
2026-03-02 11:30:00-05:00,604.2999877929688,608.5698852539062,604.1699829101562,608.4100952148438,17415956,0.0,0.0,0.0
2026-03-02 12:00:00-05:00,608.2899780273438,609.3599853515625,607.7000122070312,608.60498046875,1796014,0.0,0.0,0.0
2026-03-02 12:30:00-05:00,608.5900268554688,609.3200073242188,608.1500244140625,609.094970703125,16706428,0.0,0.0,0.0
2026-03-02 13:00:00-05:00,609.094970703125,609.2999877929688,607.8499755859375,608.4000244140625,18068989,0.0,0.0,0.0
2026-03-02 13:30:00-05:00,608.4199829101562,608.47998046875,606.760009765625,606.8499755859375,35835864,0.0,0.0,0.0
2026-03-02 14:00:00-05:00,606.8599853515625,609.6599731445312,606.72998046875,609.4249877929688,20933053,0.0,0.0,0.0
2026-03-02 14:30:00-05:00,609.4249877929688,609.9199829101562,609.22998046875,609.510009765625,1949165,0.0,0.0,0.0
2026-03-02 15:00:00-05:00,609.5,609.7000122070312,606.260009765625,606.7100219726562,27904068,0.0,0.0,0.0
2026-03-02 15:30:00-05:00,606.7100219726562,609.0599975585938,606.6099853515625,608.0700073242188,8332070,0.0,0.0,0.0
2026-03-03 09:30:00-05:00,596.3200073242188,599.3900146484375,595.0,595.239990234375,17367090,0.0,0.0,0.0
2026-03-03 10:00:00-05:00,595.2100219726562,596.9600219726562,591.8699951171875,592.030029296875,10516784,0.0,0.0,0.0
2026-03-03 10:30:00-05:00,592.030029296875,594.780029296875,591.969970703125,594.1799926757812,9634523,0.0,0.0,0.0
2026-03-03 11:00:00-05:00,594.1900024414062,598.8900146484375,593.9400024414062,598.3499755859375,7794611,0.0,0.0,0.0
2026-03-03 11:30:00-05:00,598.3400268554688,600.89501953125,596.989990234375,599.5900268554688,7313600,0.0,0.0,0.0
2026-03-03 12:00:00-05:00,599.5700073242188,600.5700073242188,598.3699951171875,600.3900146484375,4946002,0.0,0.0,0.0
2026-03-03 12:30:00-05:00,600.4000244140625,600.47998046875,597.9299926757812,598.8699951171875,4333997,0.0,0.0,0.0
2026-03-03 13:00:00-05:00,598.8599853515625,602.030029296875,598.8400268554688,601.4400024414062,4820181,0.0,0.0,0.0
2026-03-03 13:30:00-05:00,601.4400024414062,603.4949951171875,601.3200073242188,602.6749877929688,5310711,0.0,0.0,0.0
2026-03-03 14:00:00-05:00,602.7100219726562,603.0399780273438,601.0399780273438,601.72998046875,4040158,0.0,0.0,0.0
2026-03-03 14:30:00-05:00,601.739990234375,603.9550170898438,600.5399780273438,602.4199829101562,6195612,0.0,0.0,0.0
2026-03-03 15:00:00-05:00,602.4500122070312,603.22998046875,601.3099975585938,602.2999877929688,4262657,0.0,0.0,0.0
2026-03-03 15:30:00-05:00,602.2999877929688,602.919921875,600.739990234375,601.6699829101562,6224517,0.0,0.0,0.0
2026-03-04 09:30:00-05:00,604.1500244140625,606.9299926757812,603.72998046875,605.6600952148438,12066415,0.0,0.0,0.0
2026-03-04 10:00:00-05:00,605.75,611.0700073242188,605.0599975585938,610.97998046875,9595529,0.0,0.0,0.0
2026-03-04 10:30:00-05:00,610.97998046875,611.1799926757812,608.5399780273438,610.7050170898438,8088357,0.0,0.0,0.0
2026-03-04 11:00:00-05:00,610.7000122070312,611.4500122070312,608.9000244140625,610.1699829101562,6127810,0.0,0.0,0.0
2026-03-04 11:30:00-05:00,610.1749877929688,611.739990234375,609.97998046875,611.1400146484375,5274989,0.0,0.0,0.0
2026-03-04 12:00:00-05:00,611.1599731445312,611.8250122070312,610.8098754882812,610.8499755859375,2854275,0.0,0.0,0.0
2026-03-04 12:30:00-05:00,610.8499755859375,612.010009765625,610.1900024414062,611.719970703125,3004611,0.0,0.0,0.0
2026-03-04 13:00:00-05:00,611.719970703125,612.0499877929688,611.0399780273438,611.7816772460938,2369547,0.0,0.0,0.0
2026-03-04 13:30:00-05:00,611.7899780273438,612.8099975585938,611.760009765625,612.2949829101562,2829803,0.0,0.0,0.0
2026-03-04 14:00:00-05:00,612.3049926757812,612.8800048828125,612.155029296875,612.3400268554688,2173171,0.0,0.0,0.0
2026-03-04 14:30:00-05:00,612.3350219726562,612.625,612.0,612.22998046875,2295393,0.0,0.0,0.0
2026-03-04 15:00:00-05:00,612.219970703125,612.3599853515625,610.6599731445312,611.3300170898438,3070295,0.0,0.0,0.0
2026-03-04 15:30:00-05:00,611.3200073242188,611.72998046875,610.4199829101562,610.6370239257812,6956776,0.0,0.0,0.0
2026-03-05 09:30:00-05:00,607.4500122070312,612.27001953125,607.3800048828125,612.2396850585938,12456210,0.0,0.0,0.0
2026-03-05 10:00:00-05:00,612.219970703125,612.760009765625,607.5499877929688,608.0150146484375,7485920,0.0,0.0,0.0
2026-03-05 10:30:00-05:00,608.02001953125,610.0800170898438,606.0700073242188,609.7000122070312,7819915,0.0,0.0,0.0
2026-03-05 11:00:00-05:00,609.7000122070312,609.9600219726562,606.3200073242188,606.9500122070312,6373333,0.0,0.0,0.0
2026-03-05 11:30:00-05:00,606.9600219726562,609.030029296875,606.9000244140625,608.780029296875,4412266,0.0,0.0,0.0
2026-03-05 12:00:00-05:00,608.7899780273438,610.6799926757812,606.0,606.0,5894992,0.0,0.0,0.0
2026-03-05 12:30:00-05:00,606.010009765625,606.3599853515625,602.6099853515625,603.0650024414062,7214650,0.0,0.0,0.0
2026-03-05 13:00:00-05:00,603.0650024414062,605.0499877929688,602.4600219726562,602.739990234375,5531563,0.0,0.0,0.0
2026-03-05 13:30:00-05:00,602.7050170898438,604.5900268554688,602.260009765625,603.239990234375,4544635,0.0,0.0,0.0
2026-03-05 14:00:00-05:00,603.22998046875,604.8300170898438,602.969970703125,603.8350219726562,4166939,0.0,0.0,0.0
2026-03-05 14:30:00-05:00,603.8200073242188,604.8699951171875,602.739990234375,604.27001953125,4216498,0.0,0.0,0.0
2026-03-05 15:00:00-05:00,604.2899780273438,607.5900268554688,603.530029296875,606.6400146484375,7013327,0.0,0.0,0.0
2026-03-05 15:30:00-05:00,606.6400146484375,609.1199951171875,606.2899780273438,608.9000244140625,9493053,0.0,0.0,0.0
2026-03-06 09:30:00-05:00,600.3350219726562,601.7100219726562,598.5399780273438,600.469970703125,14506431,0.0,0.0,0.0
2026-03-06 10:00:00-05:00,600.4500122070312,603.7999877929688,599.8499755859375,603.6300048828125,8614140,0.0,0.0,0.0
2026-03-06 10:30:00-05:00,603.6099853515625,605.3400268554688,601.9299926757812,604.510009765625,7101314,0.0,0.0,0.0
2026-03-06 11:00:00-05:00,604.5025024414062,605.5,602.8699951171875,604.159912109375,4680361,0.0,0.0,0.0
2026-03-06 11:30:00-05:00,604.1799926757812,605.8800048828125,603.0,605.030029296875,4917837,0.0,0.0,0.0
2026-03-06 12:00:00-05:00,605.0499877929688,605.989990234375,602.9199829101562,603.4000244140625,3939496,0.0,0.0,0.0
2026-03-06 12:30:00-05:00,603.4000244140625,603.7000122070312,601.72998046875,602.7000122070312,4208579,0.0,0.0,0.0
2026-03-06 13:00:00-05:00,602.7100219726562,605.4500122070312,602.5800170898438,603.8200073242188,4370156,0.0,0.0,0.0
2026-03-06 13:30:00-05:00,603.8300170898438,604.530029296875,602.8599853515625,603.0800170898438,3920646,0.0,0.0,0.0
2026-03-06 14:00:00-05:00,603.0900268554688,604.3699951171875,602.6699829101562,603.530029296875,4939675,0.0,0.0,0.0
2026-03-06 14:30:00-05:00,603.52001953125,604.0250244140625,602.4600219726562,603.27001953125,4501697,0.0,0.0,0.0
2026-03-06 15:00:00-05:00,603.260009765625,604.3499755859375,599.2999877929688,599.530029296875,6274314,0.0,0.0,0.0
2026-03-06 15:30:00-05:00,599.530029296875,600.8599853515625,598.3699951171875,599.8099975585938,11227301,0.0,0.0,0.0
